Name,E-mail,Data,Gender,Salary,Phone
Aaron Crouse,AaronCrouse@gmail.com,2016-05-29 19:19:33,male,2570$,+7(950)229-53-56
Aaron Gaier,AaronGaier@gmail.com,2000-09-02 14:53:00,male,3346$,+7(982)372-94-98
Aaron Ramirez,AaronRamirez@gmail.com,2017-11-23 21:06:42,female,9860$,+7(982)444-93-54
Abbey Hager,AbbeyHager@gmail.com,2017-06-23 02:48:45,male,9238$,+7(976)748-47-11
Abigail Plack,AbigailPlack@gmail.com,2002-04-26 15:56:01,male,6495$,+7(930)370-87-49
Adam Benz,AdamBenz@gmail.com,2021-09-05 09:54:57,male,6056$,+7(913)209-90-84
Adolph Devilla,AdolphDevilla@gmail.com,2011-03-17 20:01:41,male,7301$,+7(983)365-10-24
Alan Judge,AlanJudge@gmail.com,1988-05-03 17:01:37,female,5595$,+7(935)368-74-10
Albert Hayes,AlbertHayes@gmail.com,1982-01-03 21:39:34,female,5788$,+7(983)646-18-16
Albert Sedotal,AlbertSedotal@gmail.com,2008-08-20 15:42:08,male,5139$,+7(900)587-94-29
Alfonzo Richardson,AlfonzoRichardson@gmail.com,2013-03-02 02:35:55,female,6318$,+7(913)780-79-79
Alfredo Munson,AlfredoMunson@gmail.com,2020-10-06 02:15:52,male,6143$,+7(937)562-92-43
Alice Coons,AliceCoons@gmail.com,2015-06-19 23:03:04,male,8040$,+7(990)210-61-70
Alice Murphy,AliceMurphy@gmail.com,2016-01-16 18:11:20,female,6107$,+7(947)380-50-32
Alice Perez,AlicePerez@gmail.com,2017-11-16 06:22:48,female,2839$,+7(924)177-62-97
Alice Silvers,AliceSilvers@gmail.com,2020-02-12 09:08:17,male,9532$,+7(941)464-53-12
Alissa Angelovich,AlissaAngelovich@gmail.com,2017-06-10 06:47:09,female,5230$,+7(900)522-44-96
Allen Eason,AllenEason@gmail.com,2020-05-08 04:08:06,male,3945$,+7(907)611-38-59
Allison Dubois,AllisonDubois@gmail.com,1995-11-27 18:46:04,male,9612$,+7(964)700-64-87
Alva Lanzetta,AlvaLanzetta@gmail.com,2010-11-02 03:17:44,male,3722$,+7(964)112-99-35
Alvin Rodriguez,AlvinRodriguez@gmail.com,2001-04-07 08:48:29,female,5518$,+7(903)758-66-75
Alyson Lawrence,AlysonLawrence@gmail.com,2015-06-09 23:47:48,female,2331$,+7(998)315-72-79
Amanda Brooks,AmandaBrooks@gmail.com,2013-11-02 15:58:11,male,8437$,+7(976)721-18-34
Amanda Chase,AmandaChase@gmail.com,2021-05-31 09:15:59,male,5613$,+7(993)293-62-30
Amanda Mendez,AmandaMendez@gmail.com,2003-06-22 01:58:03,female,7076$,+7(973)412-39-32
Amanda Natali,AmandaNatali@gmail.com,2013-03-15 16:36:45,male,8734$,+7(994)670-87-48
Amanda Nyquist,AmandaNyquist@gmail.com,2015-08-26 10:35:13,female,3685$,+7(975)160-73-41
Amber Barnes,AmberBarnes@gmail.com,2011-02-03 19:26:24,male,2124$,+7(900)723-98-26
Amber Buckley,AmberBuckley@gmail.com,2016-08-07 16:16:10,male,6122$,+7(945)202-56-11
Ami King,AmiKing@gmail.com,2021-06-29 16:21:14,male,8920$,+7(936)519-80-57
Amie Weaver,AmieWeaver@gmail.com,2009-03-20 00:13:32,male,4835$,+7(946)784-43-18
Amie Wright,AmieWright@gmail.com,2007-11-04 01:39:48,female,4908$,+7(933)302-47-98
Amy Shannon,AmyShannon@gmail.com,1992-01-15 04:32:12,female,9802$,+7(953)223-31-68
Ana Ake,AnaAke@gmail.com,2012-09-24 05:57:58,male,8789$,+7(974)510-79-91
Ana Wilde,AnaWilde@gmail.com,2002-12-05 06:44:09,male,4281$,+7(988)351-67-14
Andrea Mercer,AndreaMercer@gmail.com,1991-09-03 15:22:57,male,3209$,+7(924)390-33-51
Andrew Foley,AndrewFoley@gmail.com,2012-03-11 20:42:01,male,5067$,+7(919)522-50-43
Andrew Jackson,AndrewJackson@gmail.com,2017-05-09 14:33:20,male,9647$,+7(910)756-79-51
Andrew Maxwell,AndrewMaxwell@gmail.com,2018-04-17 19:18:26,female,3931$,+7(936)705-31-22
Andrew Steen,AndrewSteen@gmail.com,2015-05-21 05:09:04,male,7749$,+7(927)402-44-38
Angel Flores,AngelFlores@gmail.com,2021-10-05 20:52:07,male,2695$,+7(943)382-98-96
Angela Abbott,AngelaAbbott@gmail.com,2005-05-12 06:19:45,female,4460$,+7(919)675-70-18
Angela Appell,AngelaAppell@gmail.com,2021-01-12 20:14:22,female,8334$,+7(950)769-30-70
Angela Peterson,AngelaPeterson@gmail.com,2014-03-06 20:53:26,male,3034$,+7(992)655-42-81
Angelica Sellers,AngelicaSellers@gmail.com,2015-09-30 08:25:10,female,5696$,+7(972)758-47-25
Angelo Collins,AngeloCollins@gmail.com,2004-08-25 09:27:49,female,5587$,+7(923)791-14-10
Anita Chandler,AnitaChandler@gmail.com,2018-02-11 22:16:23,female,8650$,+7(951)587-57-90
Anita Chavis,AnitaChavis@gmail.com,1991-03-26 14:43:53,female,3082$,+7(930)691-62-88
Anita Moses,AnitaMoses@gmail.com,2009-02-24 14:23:20,female,5766$,+7(947)623-94-25
Ann Mcneal,AnnMcneal@gmail.com,2009-10-04 02:28:47,female,7801$,+7(995)529-60-73
Ann Schmal,AnnSchmal@gmail.com,2003-01-03 19:52:07,male,5105$,+7(905)548-18-72
Anna Daniels,AnnaDaniels@gmail.com,2014-03-27 06:02:00,female,6068$,+7(941)238-60-58
Anna Howard,AnnaHoward@gmail.com,2017-09-07 09:13:09,male,9293$,+7(949)183-24-23
Anna Johnson,AnnaJohnson@gmail.com,2013-04-04 02:27:17,female,9970$,+7(922)538-52-27
Anna Porter,AnnaPorter@gmail.com,2017-11-15 16:49:25,male,6032$,+7(946)349-69-11
Anne Barnes,AnneBarnes@gmail.com,2019-02-01 03:45:19,female,7608$,+7(914)592-26-13
Anne Monford,AnneMonford@gmail.com,2012-10-15 00:27:45,male,2201$,+7(959)737-73-53
Annie Higgins,AnnieHiggins@gmail.com,2011-02-21 20:28:11,male,8180$,+7(954)191-53-12
Anthony George,AnthonyGeorge@gmail.com,2016-10-04 00:25:41,female,4625$,+7(927)507-80-64
Anthony Matthewson,AnthonyMatthewson@gmail.com,1998-11-30 19:17:55,female,6048$,+7(998)392-64-11
Arthur Davis,ArthurDavis@gmail.com,2021-09-14 17:56:28,female,3571$,+7(914)615-69-74
Arthur Ogilvie,ArthurOgilvie@gmail.com,2021-08-09 16:04:13,male,6962$,+7(959)654-39-32
Arthur Simar,ArthurSimar@gmail.com,1994-08-28 07:52:41,male,6287$,+7(971)268-36-99
Arthur Simpson,ArthurSimpson@gmail.com,2006-02-17 02:27:21,male,2781$,+7(951)762-29-34
Arturo Olson,ArturoOlson@gmail.com,2007-06-06 06:47:00,female,7525$,+7(964)623-95-33
Arturo Willingham,ArturoWillingham@gmail.com,1995-03-02 12:15:27,male,9691$,+7(973)595-19-99
Ashlee Stephenson,AshleeStephenson@gmail.com,2014-03-10 16:37:32,male,4440$,+7(936)518-42-60
Ashley Gonzales,AshleyGonzales@gmail.com,2015-12-31 09:06:09,female,7242$,+7(915)606-80-42
Ashley Slover,AshleySlover@gmail.com,1987-01-24 22:05:02,female,7354$,+7(963)731-74-12
Augustine Johnson,AugustineJohnson@gmail.com,2015-10-09 13:09:59,female,6889$,+7(926)665-44-34
Avery Barnes,AveryBarnes@gmail.com,2013-01-13 11:18:38,male,2366$,+7(923)638-88-47
Barbara Bingaman,BarbaraBingaman@gmail.com,2007-06-03 14:26:45,female,4478$,+7(921)217-66-51
Barbara Capizzi,BarbaraCapizzi@gmail.com,2015-01-05 19:45:04,female,6376$,+7(937)506-52-40
Barbara Chadbourne,BarbaraChadbourne@gmail.com,2021-06-06 12:37:55,male,3512$,+7(932)684-96-19
Barbara Kelly,BarbaraKelly@gmail.com,2017-05-18 06:08:04,male,9486$,+7(972)481-78-57
Barbara Leblanc,BarbaraLeblanc@gmail.com,2006-04-18 03:51:54,female,9482$,+7(923)591-92-69
Barbara Tate,BarbaraTate@gmail.com,2008-07-08 07:50:58,female,3974$,+7(959)563-36-54
Barbara Valenzuela,BarbaraValenzuela@gmail.com,2021-09-22 02:06:34,male,4371$,+7(960)183-18-10
Barbie Norman,BarbieNorman@gmail.com,2016-12-08 13:41:13,male,8789$,+7(962)372-84-58
Barry Daley,BarryDaley@gmail.com,2013-11-27 07:31:09,female,4714$,+7(923)335-52-83
Beau Edwards,BeauEdwards@gmail.com,2016-12-03 19:09:33,female,8734$,+7(942)153-54-89
Becky Esbenshade,BeckyEsbenshade@gmail.com,2014-12-16 18:27:52,female,9572$,+7(951)596-82-61
Becky Parker,BeckyParker@gmail.com,2004-04-22 08:54:46,male,3318$,+7(985)622-78-54
Belle Sauer,BelleSauer@gmail.com,2016-10-11 00:29:36,female,6659$,+7(946)393-12-39
Benita Fillmore,BenitaFillmore@gmail.com,2019-08-31 02:43:02,male,3725$,+7(984)448-52-58
Benjamin Powell,BenjaminPowell@gmail.com,2011-07-12 09:54:06,male,6043$,+7(914)193-46-12
Berta Blackmore,BertaBlackmore@gmail.com,2015-06-13 07:26:40,female,4838$,+7(918)573-85-71
Bertha Lyons,BerthaLyons@gmail.com,2012-05-24 06:53:17,male,5023$,+7(980)518-37-97
Bessie Desoto,BessieDesoto@gmail.com,1996-08-28 13:09:22,female,7419$,+7(964)758-80-97
Bessie Worthington,BessieWorthington@gmail.com,2016-12-06 15:17:56,male,6756$,+7(987)589-29-35
Betsy Mitchell,BetsyMitchell@gmail.com,2019-05-03 07:16:18,female,4538$,+7(919)372-89-22
Betty Kennedy,BettyKennedy@gmail.com,1981-05-06 22:55:23,female,3164$,+7(974)557-98-42
Betty Leach,BettyLeach@gmail.com,2014-07-25 20:09:29,male,6978$,+7(917)170-11-91
Betty Skrebes,BettySkrebes@gmail.com,2017-08-12 20:10:00,male,8238$,+7(942)612-80-46
Betty Taylor,BettyTaylor@gmail.com,2015-05-10 07:42:08,female,6795$,+7(915)132-57-50
Betty Thayer,BettyThayer@gmail.com,2020-06-16 07:26:25,male,2750$,+7(928)261-44-24
Beulah Huitt,BeulahHuitt@gmail.com,2011-09-28 08:28:38,male,2552$,+7(985)305-42-31
Beverlee Fejes,BeverleeFejes@gmail.com,2011-10-22 23:04:07,female,7107$,+7(954)661-68-36
Beverly Gaydos,BeverlyGaydos@gmail.com,2021-06-17 03:18:31,female,2573$,+7(914)694-14-62
Beverly Hobbs,BeverlyHobbs@gmail.com,2017-10-10 13:27:07,male,6700$,+7(941)293-44-63
Bill Deleon,BillDeleon@gmail.com,2017-03-30 05:08:41,female,7277$,+7(973)602-87-58
Billy Galindo,BillyGalindo@gmail.com,2017-10-05 18:48:22,female,4807$,+7(926)157-52-26
Billy Hill,BillyHill@gmail.com,2014-01-14 07:44:02,female,2305$,+7(931)288-45-29
Blake Sanderson,BlakeSanderson@gmail.com,2014-10-21 10:04:57,male,9848$,+7(973)492-61-75
Blanch Brewer,BlanchBrewer@gmail.com,2018-11-03 11:29:39,male,4283$,+7(912)537-22-47
Bob Cresci,BobCresci@gmail.com,2016-11-11 04:56:00,male,3278$,+7(992)573-43-73
Bobby Kaufman,BobbyKaufman@gmail.com,2017-10-26 05:42:03,male,5772$,+7(964)276-76-35
Bobby Madlung,BobbyMadlung@gmail.com,2012-02-22 21:49:54,female,3883$,+7(901)517-88-26
Bonnie Anderson,BonnieAnderson@gmail.com,2015-02-28 03:54:48,male,8885$,+7(932)739-22-81
Booker Keys,BookerKeys@gmail.com,2019-03-12 09:24:40,female,8307$,+7(954)538-62-87
Bradley Tung,BradleyTung@gmail.com,2016-08-24 08:29:59,male,5086$,+7(999)189-10-13
Brandon Cannon,BrandonCannon@gmail.com,2011-08-14 16:44:30,female,2172$,+7(914)226-62-87
Brandon May,BrandonMay@gmail.com,2012-11-19 22:02:29,female,6450$,+7(966)308-27-47
Brandon Wackerly,BrandonWackerly@gmail.com,2005-11-19 13:12:23,female,2822$,+7(968)501-19-10
Brenda Johnson,BrendaJohnson@gmail.com,2003-11-27 02:59:41,female,7341$,+7(916)152-94-10
Brent Stassi,BrentStassi@gmail.com,1998-06-25 00:22:39,male,4039$,+7(923)750-56-24
Bret Devore,BretDevore@gmail.com,2012-11-25 04:41:25,male,5588$,+7(934)607-74-33
Bret Muller,BretMuller@gmail.com,2008-10-19 23:07:03,female,9023$,+7(985)600-43-70
Brett Bell,BrettBell@gmail.com,2018-03-23 23:18:46,female,4484$,+7(944)788-60-72
Brian Allen,BrianAllen@gmail.com,2006-05-11 19:27:36,male,2706$,+7(907)702-36-40
Brian Horn,BrianHorn@gmail.com,2012-05-03 13:28:36,female,7019$,+7(939)789-88-13
Brian Miller,BrianMiller@gmail.com,2018-07-25 19:23:32,male,3503$,+7(993)598-63-66
Brian Mullins,BrianMullins@gmail.com,2015-01-14 15:39:47,male,5264$,+7(931)228-17-60
Brianna Fletcher,BriannaFletcher@gmail.com,2012-03-26 16:02:09,female,9670$,+7(932)580-75-44
Brittney Bailey,BrittneyBailey@gmail.com,2013-08-08 22:52:08,female,6773$,+7(907)633-85-31
Brooke Dickson,BrookeDickson@gmail.com,2019-07-14 05:37:28,female,5883$,+7(943)178-26-79
Brooke Recher,BrookeRecher@gmail.com,2008-11-17 11:27:37,male,8871$,+7(910)533-56-39
Bruce Haight,BruceHaight@gmail.com,2011-08-25 21:03:17,female,9329$,+7(904)112-84-63
Bruce Jennings,BruceJennings@gmail.com,2003-10-14 17:37:42,female,9967$,+7(905)441-38-53
Bryan Barrera,BryanBarrera@gmail.com,2012-09-12 12:21:35,male,6644$,+7(993)565-10-32
Bryan Davis,BryanDavis@gmail.com,2012-01-17 19:38:18,male,2121$,+7(951)698-32-62
Buddy Parkins,BuddyParkins@gmail.com,1986-04-26 02:05:49,male,4728$,+7(921)364-72-10
Buddy Vue,BuddyVue@gmail.com,2018-12-06 01:45:57,male,4405$,+7(927)295-29-56
Camille Gregson,CamilleGregson@gmail.com,2017-08-22 07:55:41,male,9997$,+7(931)224-29-83
Carl Flanagan,CarlFlanagan@gmail.com,2017-12-08 06:47:48,female,9977$,+7(996)198-51-57
Carl Lamke,CarlLamke@gmail.com,1998-03-02 18:52:09,female,7948$,+7(985)626-87-54
Carl Montoya,CarlMontoya@gmail.com,2010-01-29 08:35:41,female,9515$,+7(965)314-98-37
Carl Rustin,CarlRustin@gmail.com,2019-05-10 21:01:59,male,9990$,+7(906)402-38-54
Carl Wieczorek,CarlWieczorek@gmail.com,2015-07-27 19:42:27,male,4658$,+7(945)577-29-44
Carla Rice,CarlaRice@gmail.com,2017-02-06 16:43:03,female,3241$,+7(998)242-65-32
Carla Smith,CarlaSmith@gmail.com,2021-10-15 21:56:51,male,5867$,+7(980)228-47-47
Carlene Pickron,CarlenePickron@gmail.com,2021-06-17 10:46:58,male,7359$,+7(906)611-30-14
Carlos Anderson,CarlosAnderson@gmail.com,2017-01-30 03:50:40,female,2820$,+7(996)549-30-94
Carol Baldwin,CarolBaldwin@gmail.com,2016-09-25 18:53:05,female,4620$,+7(906)493-12-66
Carol Garcia,CarolGarcia@gmail.com,2014-11-14 12:03:54,female,2712$,+7(917)561-21-51
Carol Seith,CarolSeith@gmail.com,2013-07-14 13:00:39,male,2656$,+7(968)493-69-66
Carolyn Claunch,CarolynClaunch@gmail.com,2013-11-07 05:43:52,male,4457$,+7(956)563-75-82
Casey Randel,CaseyRandel@gmail.com,2001-09-05 02:47:08,female,6613$,+7(914)630-55-65
Cassandra Doyle,CassandraDoyle@gmail.com,2013-07-21 00:03:21,male,8788$,+7(966)221-50-58
Cassie Morgan,CassieMorgan@gmail.com,2018-05-01 05:56:50,male,8054$,+7(934)241-23-23
Catherine Casper,CatherineCasper@gmail.com,2014-02-09 16:54:31,male,7305$,+7(927)639-28-22
Catherine Morgan,CatherineMorgan@gmail.com,2018-10-30 10:32:09,female,9170$,+7(965)640-58-75
Catherine Schultheis,CatherineSchultheis@gmail.com,2019-02-19 06:40:26,female,5074$,+7(928)586-52-21
Catherine Shields,CatherineShields@gmail.com,2016-03-22 08:05:58,female,8503$,+7(964)100-87-58
Catherine White,CatherineWhite@gmail.com,2013-04-01 18:18:42,female,8890$,+7(921)756-37-85
Cathrine Rodrigues,CathrineRodrigues@gmail.com,1996-07-24 02:49:12,female,9818$,+7(971)409-91-99
Cathy Johnson,CathyJohnson@gmail.com,2013-12-25 21:58:36,female,4728$,+7(950)516-97-19
Cecilia Stewart,CeciliaStewart@gmail.com,2014-05-19 09:36:26,male,2285$,+7(961)173-31-81
Charles Caputo,CharlesCaputo@gmail.com,2012-02-16 02:39:37,female,6254$,+7(961)378-75-90
Charles Ciotti,CharlesCiotti@gmail.com,2007-09-30 02:35:27,female,3500$,+7(915)690-25-14
Charles Curl,CharlesCurl@gmail.com,2007-12-05 14:25:47,male,5859$,+7(905)728-46-59
Charles Gershon,CharlesGershon@gmail.com,2014-05-21 02:42:47,female,9469$,+7(966)467-70-72
Charles Rodriguez,CharlesRodriguez@gmail.com,1980-07-03 00:50:37,female,7884$,+7(958)413-96-38
Charles Roman,CharlesRoman@gmail.com,2020-02-03 01:59:10,female,8672$,+7(964)693-88-37
Charles Venkus,CharlesVenkus@gmail.com,2019-12-14 08:56:12,male,5383$,+7(901)128-20-13
Charles Walter,CharlesWalter@gmail.com,2019-06-19 18:09:16,female,8841$,+7(922)137-37-92
Charles Wang,CharlesWang@gmail.com,2005-02-04 20:57:41,female,9550$,+7(965)138-21-94
Charlotte Blackburn,CharlotteBlackburn@gmail.com,2014-04-29 16:13:20,female,4312$,+7(990)653-43-39
Cherrie Adler,CherrieAdler@gmail.com,2019-02-03 21:57:16,male,5127$,+7(953)133-96-96
Cheryl Agudo,CherylAgudo@gmail.com,2019-11-12 04:21:02,male,9388$,+7(929)600-61-22
Cheryl Tippetts,CherylTippetts@gmail.com,2012-06-23 16:59:00,female,9753$,+7(943)783-44-77
Chester Abraham,ChesterAbraham@gmail.com,2006-01-04 07:42:36,male,6554$,+7(973)679-21-76
Christina Carter,ChristinaCarter@gmail.com,2013-10-04 21:08:26,female,5793$,+7(919)547-11-33
Christina Heyd,ChristinaHeyd@gmail.com,2012-10-12 05:17:14,female,3653$,+7(977)489-63-94
Christina Wilson,ChristinaWilson@gmail.com,2013-06-20 06:03:22,male,4023$,+7(965)283-35-31
Christine Gaskins,ChristineGaskins@gmail.com,2015-03-06 16:09:03,female,9426$,+7(972)423-16-82
Christine Kinchen,ChristineKinchen@gmail.com,2021-08-31 13:41:39,female,6260$,+7(951)597-53-60
Christine Zuniga,ChristineZuniga@gmail.com,1984-09-18 21:34:56,female,8077$,+7(980)164-51-62
Christopher Allen,ChristopherAllen@gmail.com,2015-04-15 16:03:47,male,5842$,+7(947)147-54-98
Christopher Garcia,ChristopherGarcia@gmail.com,2014-06-14 00:23:30,male,4310$,+7(944)750-95-85
Christy Rankins,ChristyRankins@gmail.com,2014-11-16 06:01:42,female,7973$,+7(910)439-65-56
Chrystal Simon,ChrystalSimon@gmail.com,2014-11-02 14:28:38,male,5559$,+7(902)701-53-40
Cindy Coffey,CindyCoffey@gmail.com,2021-01-09 20:12:36,male,6164$,+7(973)299-26-44
Cindy Hathaway,CindyHathaway@gmail.com,2016-11-04 19:49:27,male,2040$,+7(984)215-59-20
Cindy Myles,CindyMyles@gmail.com,2001-11-09 20:02:11,male,5188$,+7(932)542-46-75
Cindy Smith,CindySmith@gmail.com,2016-03-28 03:45:10,male,2433$,+7(944)531-95-48
Cindy Weiler,CindyWeiler@gmail.com,2021-04-12 03:25:22,female,6311$,+7(973)483-75-32
Clarence Henry,ClarenceHenry@gmail.com,2002-07-14 23:11:52,male,9608$,+7(917)189-11-85
Claudio Marcucci,ClaudioMarcucci@gmail.com,2002-07-03 02:53:38,female,3620$,+7(942)444-14-28
Clementina Mitchell,ClementinaMitchell@gmail.com,2013-12-22 16:01:52,male,5592$,+7(951)430-45-26
Cleveland Pavlik,ClevelandPavlik@gmail.com,1981-06-10 12:07:31,male,4989$,+7(993)359-67-98
Clifford Sanders,CliffordSanders@gmail.com,2007-03-22 02:13:31,female,7576$,+7(917)185-73-31
Clint Mccarley,ClintMccarley@gmail.com,2013-01-19 11:25:43,female,5413$,+7(967)593-67-75
Colleen Lewis,ColleenLewis@gmail.com,2018-11-10 16:11:30,female,7937$,+7(939)525-40-93
Constance Laporte,ConstanceLaporte@gmail.com,2017-11-14 10:51:26,male,6208$,+7(932)233-72-41
Constance Valadez,ConstanceValadez@gmail.com,2011-12-10 19:09:27,female,5162$,+7(922)354-99-62
Corey Kahn,CoreyKahn@gmail.com,2009-01-09 08:21:39,female,2001$,+7(955)296-72-96
Cory Cross,CoryCross@gmail.com,2017-10-28 05:03:59,male,5255$,+7(997)727-68-63
Courtney Byers,CourtneyByers@gmail.com,2019-08-10 21:01:34,male,8692$,+7(993)490-73-20
Crystal Watkins,CrystalWatkins@gmail.com,2016-12-31 20:56:46,female,4930$,+7(961)350-99-76
Cynthia Vaughan,CynthiaVaughan@gmail.com,1987-05-27 07:15:08,male,7688$,+7(946)460-26-55
Cyrus Andujar,CyrusAndujar@gmail.com,1997-06-22 03:45:50,female,2926$,+7(945)106-48-98
Daisey Hutchinson,DaiseyHutchinson@gmail.com,2019-08-08 08:13:33,female,2979$,+7(986)135-51-85
Dale Deyoe,DaleDeyoe@gmail.com,2004-11-05 06:49:29,female,8801$,+7(953)467-35-70
Dale Zepp,DaleZepp@gmail.com,2013-03-30 04:54:42,male,8784$,+7(943)667-11-63
Dallas Williams,DallasWilliams@gmail.com,2014-07-26 14:51:34,female,5085$,+7(993)105-76-33
Damon Ward,DamonWard@gmail.com,2011-09-25 15:06:38,female,5413$,+7(972)462-86-98
Daniel Armstrong,DanielArmstrong@gmail.com,2021-07-23 15:52:06,female,5993$,+7(965)621-75-85
Daniel Taylor,DanielTaylor@gmail.com,1988-04-30 19:29:40,female,2653$,+7(965)572-22-25
Danny Galindez,DannyGalindez@gmail.com,2007-09-21 00:18:10,male,4947$,+7(962)532-26-49
Dante Jensen,DanteJensen@gmail.com,2017-07-28 00:56:54,male,4573$,+7(970)333-72-70
Daren Miller,DarenMiller@gmail.com,1994-07-12 02:40:45,female,6366$,+7(996)636-97-94
Darlene Deibel,DarleneDeibel@gmail.com,2020-12-27 16:02:24,female,3003$,+7(935)614-35-27
Darnell Gandy,DarnellGandy@gmail.com,2016-08-01 05:44:26,female,6094$,+7(961)560-41-27
Darren Ridgeway,DarrenRidgeway@gmail.com,1991-10-05 01:01:11,female,7593$,+7(911)720-73-72
Darren Shaw,DarrenShaw@gmail.com,2016-02-18 01:54:09,female,6209$,+7(992)710-51-65
Darryl Bachrach,DarrylBachrach@gmail.com,2019-03-16 07:16:06,male,8662$,+7(967)310-52-31
Darryl Handy,DarrylHandy@gmail.com,2018-02-23 15:55:23,female,2832$,+7(985)153-54-42
Darwin Quintana,DarwinQuintana@gmail.com,2021-06-18 23:44:58,female,9720$,+7(986)296-44-34
Daryl Hunter,DarylHunter@gmail.com,1988-05-09 00:19:14,male,5032$,+7(971)335-12-28
Dave Burns,DaveBurns@gmail.com,2021-07-01 10:17:32,male,3812$,+7(975)601-72-43
David Avila,DavidAvila@gmail.com,2004-10-16 04:04:16,male,2971$,+7(931)177-63-84
David Carrillo,DavidCarrillo@gmail.com,2005-04-11 01:41:06,female,4130$,+7(954)259-61-31
David Cash,DavidCash@gmail.com,2018-06-18 14:28:59,male,3375$,+7(908)426-42-95
David Castillo,DavidCastillo@gmail.com,2018-11-10 22:06:17,female,5460$,+7(975)233-95-13
David Connealy,DavidConnealy@gmail.com,2016-01-27 09:20:39,female,7477$,+7(958)342-55-95
David Cooper,DavidCooper@gmail.com,2019-03-15 16:31:10,female,5565$,+7(909)195-50-48
David Coyle,DavidCoyle@gmail.com,2013-03-26 15:22:28,female,6494$,+7(909)702-37-47
David Cramer,DavidCramer@gmail.com,2013-11-22 02:50:48,female,5497$,+7(932)704-44-83
David Fairchild,DavidFairchild@gmail.com,1989-06-15 18:58:41,female,4387$,+7(963)211-94-36
David Gordon,DavidGordon@gmail.com,2011-04-21 00:40:32,male,7977$,+7(974)251-25-80
David Hanley,DavidHanley@gmail.com,2015-05-19 20:14:29,male,6623$,+7(951)444-33-35
David Kelson,DavidKelson@gmail.com,2012-10-08 14:41:03,male,7659$,+7(966)547-42-26
David Kraft,DavidKraft@gmail.com,2014-11-07 06:24:08,female,5418$,+7(941)622-26-89
David Krause,DavidKrause@gmail.com,1982-01-07 12:19:31,male,6071$,+7(967)727-91-57
David Kuykendall,DavidKuykendall@gmail.com,2014-07-25 15:47:57,female,8109$,+7(954)742-52-85
David Mackay,DavidMackay@gmail.com,2019-11-19 21:39:16,male,7066$,+7(965)471-86-67
David Pitt,DavidPitt@gmail.com,2006-10-30 13:26:22,female,8699$,+7(995)730-85-87
David Schell,DavidSchell@gmail.com,2014-05-18 06:54:27,male,5426$,+7(970)321-54-10
Dawn Hale,DawnHale@gmail.com,2018-07-05 06:28:25,male,9773$,+7(955)565-91-82
Dawn Smith,DawnSmith@gmail.com,2002-04-28 22:36:03,male,7026$,+7(996)305-92-31
Dawn Taylor,DawnTaylor@gmail.com,2019-09-07 18:07:39,female,4262$,+7(940)752-86-52
Dawn Williams,DawnWilliams@gmail.com,2015-03-18 01:50:32,male,9751$,+7(981)401-50-19
Debora Reed,DeboraReed@gmail.com,2014-06-08 14:14:46,male,4387$,+7(910)734-53-85
Deborah Griffin,DeborahGriffin@gmail.com,2014-12-10 10:39:53,male,8136$,+7(926)535-32-22
Debra Winn,DebraWinn@gmail.com,2001-01-05 19:39:30,female,5461$,+7(971)490-10-48
Delma Jones,DelmaJones@gmail.com,2015-01-19 23:13:04,female,7130$,+7(972)248-72-40
Delores Bergesen,DeloresBergesen@gmail.com,2016-12-26 07:30:00,female,9341$,+7(927)471-13-90
Delores Irving,DeloresIrving@gmail.com,2011-07-27 00:03:34,male,5769$,+7(958)124-56-15
Denise Wilcox,DeniseWilcox@gmail.com,1997-04-05 14:41:34,male,6956$,+7(902)581-24-61
Dennis Rainey,DennisRainey@gmail.com,2020-06-05 15:46:22,male,7085$,+7(965)185-45-34
Dexter Jones,DexterJones@gmail.com,2020-12-25 19:01:18,female,6276$,+7(907)383-40-60
Diane Dowell,DianeDowell@gmail.com,2013-02-24 05:47:27,female,2147$,+7(934)365-23-42
Diane Malinski,DianeMalinski@gmail.com,2014-05-27 04:48:28,female,6360$,+7(969)535-80-83
Diane Mcqueen,DianeMcqueen@gmail.com,2016-06-24 22:14:55,male,6911$,+7(918)444-57-72
Domingo Blakeney,DomingoBlakeney@gmail.com,2017-10-13 08:36:34,male,2858$,+7(950)500-67-27
Dona Nichols,DonaNichols@gmail.com,2019-01-27 17:31:19,male,7717$,+7(927)269-82-46
Donald Davis,DonaldDavis@gmail.com,2018-03-01 22:13:42,female,7169$,+7(963)431-41-69
Donald Paletta,DonaldPaletta@gmail.com,2011-06-13 07:40:34,female,3957$,+7(984)703-85-35
Donald Simms,DonaldSimms@gmail.com,2015-09-08 11:23:20,female,8450$,+7(954)667-42-50
Donna Coello,DonnaCoello@gmail.com,1996-04-18 00:30:20,male,6388$,+7(990)348-80-51
Donna Jones,DonnaJones@gmail.com,2015-05-06 12:54:08,female,3271$,+7(950)671-11-41
Donnie Garza,DonnieGarza@gmail.com,2020-10-14 20:46:35,male,6049$,+7(984)218-29-99
Doris Heizman,DorisHeizman@gmail.com,2012-07-07 13:41:05,female,8781$,+7(954)542-74-19
Doris Kriss,DorisKriss@gmail.com,2002-03-22 21:21:54,male,3547$,+7(932)313-77-42
Doris Sanders,DorisSanders@gmail.com,2012-12-01 03:34:42,male,4005$,+7(966)365-64-66
Dorothy Barnhart,DorothyBarnhart@gmail.com,2014-08-07 21:19:23,female,3011$,+7(940)282-30-64
Dorothy Bernard,DorothyBernard@gmail.com,2019-03-14 05:50:32,male,7246$,+7(924)311-72-46
Douglas Williams,DouglasWilliams@gmail.com,2018-04-21 22:48:37,female,2557$,+7(905)225-91-11
Duane Bourque,DuaneBourque@gmail.com,2021-01-01 05:05:06,female,6766$,+7(970)298-22-27
Dulce Mcneal,DulceMcneal@gmail.com,2016-11-27 05:43:39,male,2510$,+7(911)611-27-37
Dustin Rios,DustinRios@gmail.com,2011-06-07 18:38:31,male,9793$,+7(901)402-14-90
Edgar Silva,EdgarSilva@gmail.com,1996-05-10 19:09:23,female,9019$,+7(970)320-51-30
Edith Garner,EdithGarner@gmail.com,1990-01-31 13:17:36,male,4707$,+7(931)636-54-66
Edmond Cupples,EdmondCupples@gmail.com,2021-12-21 18:32:48,female,7287$,+7(985)312-19-97
Edna Macfarlane,EdnaMacfarlane@gmail.com,2020-07-19 00:27:53,female,4428$,+7(900)473-12-17
Eduardo Leech,EduardoLeech@gmail.com,2015-03-12 00:13:25,male,4088$,+7(979)681-67-19
Edward Roeber,EdwardRoeber@gmail.com,2020-12-11 18:15:59,female,9746$,+7(928)297-93-85
Edward Washington,EdwardWashington@gmail.com,2015-01-31 19:39:14,male,3699$,+7(960)661-15-67
Edwin Sanchez,EdwinSanchez@gmail.com,2016-11-01 10:52:24,male,7291$,+7(998)117-33-15
Efrain Dunn,EfrainDunn@gmail.com,2015-08-06 02:07:10,male,6291$,+7(908)634-76-68
Eileen Joseph,EileenJoseph@gmail.com,2016-04-05 16:08:45,female,2671$,+7(997)289-52-77
Eleanor Cannon,EleanorCannon@gmail.com,2012-01-10 01:23:52,female,6449$,+7(981)124-71-57
Elias Crosby,EliasCrosby@gmail.com,2020-02-05 16:14:16,female,8728$,+7(927)478-55-68
Elisa Esmond,ElisaEsmond@gmail.com,1994-01-23 17:34:53,male,9098$,+7(917)470-76-84
Elizabeth Balas,ElizabethBalas@gmail.com,2020-06-05 22:38:07,male,8241$,+7(903)716-49-31
Elizabeth Bean,ElizabethBean@gmail.com,2008-07-08 18:02:02,male,2907$,+7(977)796-15-48
Elizabeth Childress,ElizabethChildress@gmail.com,2011-02-06 12:25:27,male,2488$,+7(916)715-98-45
Elizabeth Lopez,ElizabethLopez@gmail.com,2021-05-24 07:36:55,male,3457$,+7(989)353-28-91
Ella Patton,EllaPatton@gmail.com,1998-12-23 12:48:27,male,6505$,+7(918)122-29-42
Ellis Xia,EllisXia@gmail.com,2014-09-24 03:41:18,male,6388$,+7(909)265-76-30
Elmer Holland,ElmerHolland@gmail.com,2012-01-22 23:21:09,male,4581$,+7(981)498-40-93
Elmer Preskar,ElmerPreskar@gmail.com,2021-03-23 10:51:42,male,2446$,+7(909)739-28-11
Elmer Wright,ElmerWright@gmail.com,2018-09-06 01:15:55,male,5850$,+7(986)512-47-72
Elnora Crocker,ElnoraCrocker@gmail.com,2015-08-24 01:52:55,female,2000$,+7(914)652-11-40
Emma Osborne,EmmaOsborne@gmail.com,1998-10-21 00:30:51,male,8428$,+7(964)337-75-39
Emory Saugis,EmorySaugis@gmail.com,2009-02-25 12:53:00,female,8295$,+7(938)487-66-12
Eric Grimsley,EricGrimsley@gmail.com,2015-05-02 19:44:12,male,8785$,+7(904)119-18-35
Eric Vega,EricVega@gmail.com,2005-01-12 12:20:02,male,7403$,+7(934)310-68-23
Erika Patry,ErikaPatry@gmail.com,2013-01-22 16:30:41,female,2629$,+7(975)144-43-44
Ernest Chacon,ErnestChacon@gmail.com,2014-11-01 06:53:51,female,5887$,+7(925)363-64-76
Ernest Jordan,ErnestJordan@gmail.com,2021-07-30 08:19:50,female,7160$,+7(938)399-72-57
Estella Lozano,EstellaLozano@gmail.com,2000-11-05 08:03:07,male,7620$,+7(980)551-41-42
Etha Miller,EthaMiller@gmail.com,2014-08-12 14:27:47,female,5020$,+7(990)799-96-56
Eva Rose,EvaRose@gmail.com,2013-01-09 20:31:46,female,7989$,+7(954)582-61-33
Evan Whitney,EvanWhitney@gmail.com,2021-09-07 09:05:00,male,7543$,+7(991)240-73-32
Evelyn Lea,EvelynLea@gmail.com,1999-02-25 10:58:27,female,2858$,+7(942)575-44-36
Evelyn Mccann,EvelynMccann@gmail.com,2021-01-04 04:30:25,male,3979$,+7(952)156-97-16
Everett Pedroza,EverettPedroza@gmail.com,2011-05-20 19:54:33,male,3408$,+7(925)597-81-55
Fatima Clements,FatimaClements@gmail.com,2002-11-27 02:05:07,male,9276$,+7(935)429-62-26
Felipe Johnson,FelipeJohnson@gmail.com,2011-02-11 14:41:28,male,4458$,+7(959)641-19-50
Felix Blanke,FelixBlanke@gmail.com,2015-05-31 18:59:51,male,5167$,+7(932)149-48-54
Florence Chapman,FlorenceChapman@gmail.com,1995-12-01 06:00:50,male,7651$,+7(929)665-43-12
Flossie Bennett,FlossieBennett@gmail.com,2019-12-07 00:33:30,female,8059$,+7(981)491-27-11
Floyd Corell,FloydCorell@gmail.com,2018-12-31 00:06:07,male,3005$,+7(944)491-25-80
Forest Cuzco,ForestCuzco@gmail.com,2016-04-21 08:30:59,male,2460$,+7(920)141-17-11
Frances Moten,FrancesMoten@gmail.com,2004-08-22 10:12:22,female,4916$,+7(979)598-20-67
Frances Munoz,FrancesMunoz@gmail.com,2021-12-12 07:26:26,female,9928$,+7(995)468-47-23
Francis Andrade,FrancisAndrade@gmail.com,2020-06-12 04:41:31,male,2907$,+7(983)162-30-10
Frank Hedin,FrankHedin@gmail.com,2011-05-17 17:12:37,male,7697$,+7(923)396-98-95
Frank Loiselle,FrankLoiselle@gmail.com,2013-10-26 23:25:11,male,6236$,+7(948)630-11-39
Frank Ruffin,FrankRuffin@gmail.com,2009-10-30 15:49:46,male,4183$,+7(932)244-44-36
Frank Sperdute,FrankSperdute@gmail.com,2016-04-04 07:05:09,female,9784$,+7(977)138-28-46
Frank Wilbert,FrankWilbert@gmail.com,1982-06-09 00:46:59,male,9903$,+7(906)469-75-72
Fred Waller,FredWaller@gmail.com,2019-08-16 17:06:05,female,6978$,+7(986)108-69-41
Gabriel Armstrong,GabrielArmstrong@gmail.com,2013-02-07 01:24:56,male,5237$,+7(984)680-78-79
Gabriel Haynes,GabrielHaynes@gmail.com,2013-01-22 15:55:04,male,3370$,+7(990)327-96-22
Gail Blackwell,GailBlackwell@gmail.com,2013-09-13 01:13:42,male,3631$,+7(930)159-36-48
Garnet Ramirez,GarnetRamirez@gmail.com,2012-04-21 04:36:59,male,2363$,+7(935)418-31-64
Garry Lance,GarryLance@gmail.com,2002-05-28 22:37:21,male,6492$,+7(970)541-46-37
Gary Kutscher,GaryKutscher@gmail.com,2011-04-13 00:06:28,male,2939$,+7(903)614-61-69
Gary West,GaryWest@gmail.com,2005-04-02 02:49:59,male,8315$,+7(998)463-53-77
Gena Luna,GenaLuna@gmail.com,2017-10-26 02:00:47,male,3958$,+7(915)149-99-50
Gene Conrad,GeneConrad@gmail.com,2013-05-06 09:00:55,male,5063$,+7(928)266-18-96
Genevieve Church,GenevieveChurch@gmail.com,2005-03-21 03:31:38,female,7594$,+7(928)645-33-75
George Anderson,GeorgeAnderson@gmail.com,2013-07-13 11:59:17,female,5989$,+7(929)256-51-25
George Heard,GeorgeHeard@gmail.com,2014-06-11 20:08:08,female,6131$,+7(973)330-91-18
George Meier,GeorgeMeier@gmail.com,2018-11-05 11:46:50,male,9184$,+7(959)447-44-12
Gerald Briggs,GeraldBriggs@gmail.com,2015-06-01 01:20:06,male,8373$,+7(912)778-48-89
Geraldine Jaffe,GeraldineJaffe@gmail.com,2020-06-09 19:08:25,male,4498$,+7(919)731-74-19
Geraldine Jones,GeraldineJones@gmail.com,2011-12-20 03:03:21,male,9184$,+7(958)602-94-27
Gertrude Lawrence,GertrudeLawrence@gmail.com,2012-07-26 10:07:01,female,3711$,+7(904)707-29-35
Gina Thompson,GinaThompson@gmail.com,2018-01-28 05:48:39,female,4354$,+7(935)230-90-90
Gladys Casey,GladysCasey@gmail.com,2008-01-15 06:45:46,female,2003$,+7(995)624-72-73
Glen Burlingham,GlenBurlingham@gmail.com,2015-01-18 05:14:10,female,3220$,+7(921)195-16-43
Glenda Gamboa,GlendaGamboa@gmail.com,2019-04-07 00:41:51,male,3911$,+7(984)185-81-63
Gloria Cooke,GloriaCooke@gmail.com,2000-01-20 10:57:30,female,6672$,+7(972)625-30-83
Gloria Randle,GloriaRandle@gmail.com,2007-01-17 10:18:16,male,3149$,+7(983)565-97-61
Gordon Gallaway,GordonGallaway@gmail.com,2009-08-19 11:32:48,male,9422$,+7(901)159-38-39
Gregory Taylor,GregoryTaylor@gmail.com,2017-03-21 19:15:04,male,8280$,+7(900)191-41-37
Gregory Wilson,GregoryWilson@gmail.com,1994-02-18 18:07:13,male,8398$,+7(991)720-10-36
Guadalupe Avery,GuadalupeAvery@gmail.com,1984-09-11 15:52:10,male,8050$,+7(988)566-63-95
Guadalupe Fearn,GuadalupeFearn@gmail.com,2017-07-19 18:15:31,male,3729$,+7(927)397-38-22
Gwen Johnson,GwenJohnson@gmail.com,2016-07-26 18:26:18,male,9180$,+7(957)491-57-53
Harley Markham,HarleyMarkham@gmail.com,2019-09-19 16:39:24,female,4824$,+7(969)645-70-71
Harold King,HaroldKing@gmail.com,2015-08-03 03:52:03,male,6968$,+7(904)543-10-23
Harold Pham,HaroldPham@gmail.com,2020-01-09 08:19:07,female,3667$,+7(903)336-88-59
Harriet Stenberg,HarrietStenberg@gmail.com,1980-01-12 15:44:10,female,2358$,+7(940)335-97-93
Harriett White,HarriettWhite@gmail.com,2013-05-30 08:26:55,female,5100$,+7(943)723-21-91
Harvey Ferguson,HarveyFerguson@gmail.com,2011-07-19 07:07:34,female,5126$,+7(903)194-57-54
Harvey Littlejohn,HarveyLittlejohn@gmail.com,2011-05-21 12:57:38,male,9177$,+7(940)701-66-59
Hattie Fowler,HattieFowler@gmail.com,2014-02-17 23:07:16,male,2904$,+7(987)130-10-54
Hazel Santana,HazelSantana@gmail.com,2003-11-14 00:37:31,female,4091$,+7(939)349-22-73
Heather Gerace,HeatherGerace@gmail.com,1991-08-31 23:39:43,male,6438$,+7(992)222-33-78
Heather Offield,HeatherOffield@gmail.com,2013-09-10 20:29:29,male,7818$,+7(966)767-24-44
Heather Reinhardt,HeatherReinhardt@gmail.com,2013-04-24 13:19:43,female,6643$,+7(961)270-88-51
Helen Glover,HelenGlover@gmail.com,2019-09-17 09:37:59,male,9957$,+7(942)434-45-42
Helen Hawkins,HelenHawkins@gmail.com,1987-06-19 12:55:07,female,6672$,+7(947)245-16-69
Helen Jones,HelenJones@gmail.com,2007-07-15 03:22:55,male,9540$,+7(997)617-99-93
Helen Keen,HelenKeen@gmail.com,2021-02-15 06:00:01,male,5534$,+7(969)591-95-92
Helen Sizemore,HelenSizemore@gmail.com,2021-09-12 05:15:56,female,4189$,+7(972)605-48-18
Helen Stevens,HelenStevens@gmail.com,2018-03-29 20:32:13,male,7876$,+7(992)745-64-65
Henry Hyun,HenryHyun@gmail.com,2014-11-16 17:20:50,female,4790$,+7(968)226-45-90
Henry Painter,HenryPainter@gmail.com,2021-11-04 05:48:55,male,6788$,+7(991)382-78-84
Henry Silva,HenrySilva@gmail.com,2017-10-17 11:21:06,female,6192$,+7(923)139-51-73
Henry Washington,HenryWashington@gmail.com,1991-07-16 05:50:47,female,9473$,+7(996)580-37-92
Herbert Moore,HerbertMoore@gmail.com,2014-10-07 21:02:50,female,2461$,+7(910)588-80-78
Herman Mascarenas,HermanMascarenas@gmail.com,2013-02-15 16:27:52,male,3966$,+7(920)569-48-34
Hisako Schroot,HisakoSchroot@gmail.com,2020-06-13 05:18:01,female,2580$,+7(967)559-23-86
Holly Cervantes,HollyCervantes@gmail.com,2021-02-06 18:55:19,female,3405$,+7(974)736-81-63
Hortencia Bernardo,HortenciaBernardo@gmail.com,2021-09-22 21:41:21,male,5191$,+7(933)292-19-38
Ida Stevens,IdaStevens@gmail.com,2014-02-25 01:09:03,female,4172$,+7(986)486-32-85
Ima Guerra,ImaGuerra@gmail.com,1995-10-09 16:21:45,male,6791$,+7(989)435-41-85
Inez Massey,InezMassey@gmail.com,2021-01-11 15:01:05,female,8033$,+7(972)262-42-33
Inez Mcloughlin,InezMcloughlin@gmail.com,2016-10-16 03:26:23,male,5165$,+7(969)400-29-15
Irene Steptoe,IreneSteptoe@gmail.com,2002-09-17 19:37:35,male,3916$,+7(916)231-35-90
Iris Alderman,IrisAlderman@gmail.com,2020-07-13 14:13:06,male,5735$,+7(988)197-50-94
Isabell Bierman,IsabellBierman@gmail.com,2017-04-29 03:08:50,male,2485$,+7(964)168-69-47
Isaias Harding,IsaiasHarding@gmail.com,2013-11-16 20:12:54,male,5298$,+7(925)152-86-93
Jack Custer,JackCuster@gmail.com,2017-08-20 12:13:06,male,2999$,+7(971)249-65-64
Jack Lieb,JackLieb@gmail.com,2010-11-09 14:25:10,female,5324$,+7(958)738-97-82
Jacob Arias,JacobArias@gmail.com,1996-07-24 11:11:08,female,6401$,+7(950)694-12-15
Jacob Kitchen,JacobKitchen@gmail.com,2003-12-08 11:11:20,male,8510$,+7(941)726-93-37
Jacqueline Prewitt,JacquelinePrewitt@gmail.com,2019-07-01 13:48:22,female,4095$,+7(911)452-77-32
Jacqui Vigil,JacquiVigil@gmail.com,2015-01-12 07:05:40,female,3235$,+7(985)354-45-11
Jamar Oliver,JamarOliver@gmail.com,2011-06-14 12:12:29,male,9110$,+7(957)773-89-58
James Beitel,JamesBeitel@gmail.com,2018-03-08 18:05:35,female,5173$,+7(980)217-13-64
James Berg,JamesBerg@gmail.com,2021-06-16 12:58:10,male,3683$,+7(952)369-65-24
James Darden,JamesDarden@gmail.com,2011-09-18 06:01:31,female,5521$,+7(902)462-26-29
James Edwards,JamesEdwards@gmail.com,2014-12-18 21:40:15,male,5850$,+7(917)394-50-64
James Ellis,JamesEllis@gmail.com,2020-10-06 13:22:04,male,5424$,+7(927)462-25-58
James Farquhar,JamesFarquhar@gmail.com,2017-03-28 02:22:11,male,2120$,+7(920)643-17-54
James Garza,JamesGarza@gmail.com,1995-11-07 05:21:55,female,3480$,+7(920)378-76-57
James Gunter,JamesGunter@gmail.com,2014-10-25 06:50:23,male,8377$,+7(973)693-37-84
James Hansen,JamesHansen@gmail.com,2021-10-30 06:00:11,male,4144$,+7(990)728-29-48
James Hendrix,JamesHendrix@gmail.com,1991-09-15 11:11:45,female,6260$,+7(960)620-45-59
James Justice,JamesJustice@gmail.com,2017-04-09 04:36:31,male,6297$,+7(901)114-76-22
James Kelter,JamesKelter@gmail.com,2016-01-24 20:16:03,male,2056$,+7(925)752-88-38
James Miller,JamesMiller@gmail.com,1990-04-23 09:04:03,male,6579$,+7(911)701-18-91
James Naranjo,JamesNaranjo@gmail.com,2016-10-31 08:27:29,female,6053$,+7(956)186-74-72
James Osborne,JamesOsborne@gmail.com,2011-02-07 23:05:50,male,9534$,+7(933)674-71-45
James Payne,JamesPayne@gmail.com,2013-05-06 01:30:52,male,4136$,+7(954)616-47-73
James Pope,JamesPope@gmail.com,2019-04-27 15:59:17,female,8203$,+7(986)449-76-20
James Ruiz,JamesRuiz@gmail.com,2012-12-28 10:58:23,female,6370$,+7(936)311-14-29
James Spivey,JamesSpivey@gmail.com,1993-07-04 10:15:57,female,2189$,+7(967)157-39-24
James Yoes,JamesYoes@gmail.com,2007-05-19 16:08:55,male,7284$,+7(909)724-11-41
Jami Ray,JamiRay@gmail.com,2012-08-24 00:02:20,female,5120$,+7(948)294-60-48
Jamie Bailey,JamieBailey@gmail.com,2017-01-16 05:36:47,female,5406$,+7(960)291-63-30
Jamie Vanaria,JamieVanaria@gmail.com,2012-06-18 20:55:23,male,2180$,+7(938)588-63-55
Jan Schroeder,JanSchroeder@gmail.com,2012-04-05 04:35:14,female,6653$,+7(968)123-29-69
Jana Bruce,JanaBruce@gmail.com,2020-10-07 09:21:29,male,3285$,+7(933)768-38-93
Jane Johnson,JaneJohnson@gmail.com,2013-02-19 15:04:54,male,6223$,+7(979)626-38-69
Janette Cortez,JanetteCortez@gmail.com,2015-02-19 16:01:51,female,8906$,+7(932)344-54-22
Janis Hughes,JanisHughes@gmail.com,2016-01-28 15:17:03,male,7613$,+7(906)657-41-27
Janis Johnson,JanisJohnson@gmail.com,1999-08-26 04:14:11,female,2622$,+7(913)190-38-81
Jason Johnson,JasonJohnson@gmail.com,2012-10-19 19:40:06,female,2769$,+7(984)796-80-68
Jason Pruett,JasonPruett@gmail.com,2016-07-31 09:47:05,male,8946$,+7(945)520-31-59
Javier Braxton,JavierBraxton@gmail.com,1994-08-06 06:47:50,female,7184$,+7(910)662-53-87
Javier Phillips,JavierPhillips@gmail.com,2012-06-29 09:17:20,male,8864$,+7(971)198-60-52
Jay Alexander,JayAlexander@gmail.com,2015-10-19 03:32:48,male,2874$,+7(964)451-30-16
Jeanette Deaton,JeanetteDeaton@gmail.com,2012-07-03 07:41:01,male,8840$,+7(955)618-86-99
Jeanne Angle,JeanneAngle@gmail.com,2007-08-04 21:46:49,male,4652$,+7(996)239-46-49
Jeff Futch,JeffFutch@gmail.com,1991-09-20 22:31:51,male,4090$,+7(944)270-48-34
Jeff Schroeder,JeffSchroeder@gmail.com,2019-01-20 19:10:00,female,3196$,+7(914)796-74-23
Jeffery Richardson,JefferyRichardson@gmail.com,2015-08-07 05:14:09,female,5237$,+7(974)391-17-96
Jeffrey Carlson,JeffreyCarlson@gmail.com,2003-09-07 11:11:05,female,4154$,+7(990)400-39-61
Jeffrey Mckesson,JeffreyMckesson@gmail.com,1994-02-28 22:22:04,male,3173$,+7(993)331-94-23
Jeffrey Niskanen,JeffreyNiskanen@gmail.com,2012-03-20 09:22:16,female,8066$,+7(903)430-61-45
Jeffrey Wilson,JeffreyWilson@gmail.com,2012-04-10 13:58:02,female,9731$,+7(907)242-19-42
Jeffry Kramp,JeffryKramp@gmail.com,2019-06-21 00:30:51,male,3465$,+7(985)597-19-91
Jennie Dubois,JennieDubois@gmail.com,2014-09-28 02:04:42,male,7734$,+7(965)157-46-87
Jennifer Carignan,JenniferCarignan@gmail.com,2002-10-09 12:53:15,male,5855$,+7(914)559-65-36
Jennifer Graham,JenniferGraham@gmail.com,2014-03-24 23:14:26,male,6044$,+7(914)549-77-45
Jennifer Kane,JenniferKane@gmail.com,2017-08-16 16:41:05,male,9200$,+7(944)275-32-65
Jennifer Martin,JenniferMartin@gmail.com,2018-03-15 05:17:51,female,4745$,+7(934)688-39-83
Jennifer Stephenson,JenniferStephenson@gmail.com,2021-03-19 01:26:50,male,3580$,+7(974)117-33-86
Jenny Glass,JennyGlass@gmail.com,2013-07-08 18:18:10,female,4885$,+7(983)622-61-99
Jenny Hollinger,JennyHollinger@gmail.com,2005-09-29 20:00:13,female,7702$,+7(961)746-22-36
Jerald Apodaca,JeraldApodaca@gmail.com,2016-12-01 13:33:17,male,6125$,+7(945)774-76-66
Jeremy Cilley,JeremyCilley@gmail.com,2021-05-22 04:01:37,male,6434$,+7(997)677-50-70
Jermaine Collins,JermaineCollins@gmail.com,2012-12-30 05:43:43,female,3416$,+7(923)379-16-29
Jerome Blackmon,JeromeBlackmon@gmail.com,2019-03-26 09:12:03,female,2522$,+7(922)528-33-73
Jerri Rombough,JerriRombough@gmail.com,2013-05-22 15:37:10,male,5880$,+7(982)345-48-56
Jerrold Newell,JerroldNewell@gmail.com,2013-09-07 15:43:04,male,3871$,+7(994)291-43-66
Jesica Pugh,JesicaPugh@gmail.com,2013-04-05 21:35:04,male,7315$,+7(987)572-18-60
Jessica Dieguez,JessicaDieguez@gmail.com,2018-03-07 15:13:27,female,9872$,+7(928)114-95-53
Jessica Kunz,JessicaKunz@gmail.com,2020-10-02 04:17:21,male,3436$,+7(938)329-88-74
Jessica Pears,JessicaPears@gmail.com,2011-09-01 22:13:30,female,6343$,+7(993)431-27-21
Jessica Thielen,JessicaThielen@gmail.com,2016-02-02 01:44:20,male,5178$,+7(917)742-49-55
Jill Jackson,JillJackson@gmail.com,2015-08-04 21:54:09,male,8164$,+7(964)320-19-94
Jim Kennedy,JimKennedy@gmail.com,2021-06-30 13:01:52,male,8925$,+7(947)429-12-71
Jim Staggs,JimStaggs@gmail.com,2013-06-27 21:46:53,male,5413$,+7(987)362-71-94
Jimmie Spangler,JimmieSpangler@gmail.com,2019-05-28 00:31:42,female,4748$,+7(972)283-35-13
Joan Bowling,JoanBowling@gmail.com,2006-09-08 09:25:59,male,9517$,+7(967)540-40-77
Joanne Gural,JoanneGural@gmail.com,1986-07-24 01:59:39,female,6799$,+7(927)450-19-25
Jocelyn Caldwell,JocelynCaldwell@gmail.com,2016-02-22 12:13:27,female,9576$,+7(939)224-17-41
Jodi Stephany,JodiStephany@gmail.com,1998-11-23 12:50:53,male,2510$,+7(976)506-47-83
Joel Castrejon,JoelCastrejon@gmail.com,2017-06-24 14:33:45,male,9523$,+7(972)302-67-46
John Bihm,JohnBihm@gmail.com,1996-01-23 07:22:12,female,8075$,+7(956)413-33-80
John Boone,JohnBoone@gmail.com,1982-06-04 05:23:43,male,3177$,+7(919)199-28-88
John Brushwood,JohnBrushwood@gmail.com,2014-11-01 23:54:22,female,6429$,+7(902)493-92-64
John Clark,JohnClark@gmail.com,2007-05-05 17:25:44,male,9657$,+7(936)672-16-80
John Colbert,JohnColbert@gmail.com,1994-10-10 14:34:43,female,5995$,+7(921)225-24-72
John Corbett,JohnCorbett@gmail.com,2011-08-08 04:03:44,male,8987$,+7(941)529-35-11
John Durham,JohnDurham@gmail.com,2021-10-03 18:39:45,female,3957$,+7(903)509-49-53
John Furches,JohnFurches@gmail.com,2018-08-17 07:50:24,male,8272$,+7(941)119-67-58
John Green,JohnGreen@gmail.com,2016-04-22 14:29:43,female,7755$,+7(928)193-27-15
John Hawley,JohnHawley@gmail.com,2011-10-10 07:56:16,male,2103$,+7(996)677-27-43
John Manus,JohnManus@gmail.com,2012-04-29 15:59:21,female,2348$,+7(903)388-89-75
John Mcguire,JohnMcguire@gmail.com,2019-03-09 22:07:43,male,9027$,+7(991)280-98-47
John Morrill,JohnMorrill@gmail.com,1992-07-05 22:23:06,female,2295$,+7(913)178-68-24
John Porter,JohnPorter@gmail.com,2004-10-23 20:14:44,female,5821$,+7(955)389-85-30
John Price,JohnPrice@gmail.com,2018-03-31 19:54:04,female,2743$,+7(939)407-63-57
John Rose,JohnRose@gmail.com,2016-10-27 12:07:21,male,3759$,+7(969)779-72-50
John Sanchez,JohnSanchez@gmail.com,2000-12-19 13:01:01,female,6902$,+7(973)334-38-62
John Shorter,JohnShorter@gmail.com,2020-11-07 19:07:52,male,2297$,+7(930)792-33-18
John Sligar,JohnSligar@gmail.com,2014-02-02 03:25:42,female,2690$,+7(995)454-79-40
John Thompson,JohnThompson@gmail.com,2017-08-11 09:36:26,male,2027$,+7(940)660-76-61
John Woolford,JohnWoolford@gmail.com,2012-01-02 12:06:32,female,4541$,+7(969)410-99-80
John Zeff,JohnZeff@gmail.com,2015-04-04 22:11:06,male,2212$,+7(940)754-55-89
Jonathan Smith,JonathanSmith@gmail.com,2021-07-24 02:12:06,male,7132$,+7(959)378-34-29
Jonathon Hay,JonathonHay@gmail.com,2013-03-27 21:57:31,female,7285$,+7(992)648-45-60
Jonell Holly,JonellHolly@gmail.com,2021-06-29 21:47:32,male,8355$,+7(973)711-77-18
Jorge Bennett,JorgeBennett@gmail.com,2016-01-21 19:39:53,female,8570$,+7(969)340-43-56
Jorge Rankin,JorgeRankin@gmail.com,1993-09-09 13:14:00,female,3350$,+7(988)582-36-77
Jose Austin,JoseAustin@gmail.com,2013-07-03 22:20:00,male,4789$,+7(942)665-22-52
Jose Nichols,JoseNichols@gmail.com,2015-09-11 17:16:41,female,8206$,+7(960)583-85-91
Josefina Gray,JosefinaGray@gmail.com,2020-01-10 05:14:22,female,3625$,+7(905)486-36-10
Joseph Anderson,JosephAnderson@gmail.com,1999-01-03 20:25:32,female,3346$,+7(920)639-20-39
Joseph Halstead,JosephHalstead@gmail.com,2012-06-26 11:52:21,male,9011$,+7(986)169-92-91
Joseph Hernandez,JosephHernandez@gmail.com,1982-05-27 14:13:33,female,3406$,+7(942)545-38-47
Joseph Ignacio,JosephIgnacio@gmail.com,2014-07-19 04:06:48,male,4863$,+7(921)144-43-68
Joseph Morgan,JosephMorgan@gmail.com,1996-03-05 20:35:38,female,8993$,+7(981)300-51-95
Joseph Robinson,JosephRobinson@gmail.com,2020-10-16 11:54:09,male,6550$,+7(934)203-99-97
Joseph Rollins,JosephRollins@gmail.com,2011-09-05 15:14:25,female,3720$,+7(991)706-29-76
Joseph Sowers,JosephSowers@gmail.com,2018-03-16 11:30:45,female,4984$,+7(947)698-21-33
Josephine Saul,JosephineSaul@gmail.com,2012-09-20 01:30:32,female,9753$,+7(913)200-25-78
Josh Lee,JoshLee@gmail.com,1991-07-14 13:10:55,male,5343$,+7(941)719-74-69
Joshua Smith,JoshuaSmith@gmail.com,2003-03-09 13:02:32,female,4409$,+7(930)124-73-71
Joy Vasquez,JoyVasquez@gmail.com,2017-09-16 10:16:21,male,5056$,+7(986)502-96-84
Juan Davis,JuanDavis@gmail.com,2011-12-23 04:16:10,female,5950$,+7(977)190-29-88
Juana Harding,JuanaHarding@gmail.com,2005-07-30 05:20:37,male,3497$,+7(996)285-75-11
Juanita Bray,JuanitaBray@gmail.com,2001-05-09 01:15:43,male,6230$,+7(912)173-51-99
Juanita Craig,JuanitaCraig@gmail.com,1991-01-08 13:31:40,male,5729$,+7(977)114-11-60
Juanita Ratliff,JuanitaRatliff@gmail.com,2011-01-13 07:41:56,male,4200$,+7(994)444-10-85
Judith Huntley,JudithHuntley@gmail.com,2016-01-04 01:30:23,male,5270$,+7(983)597-59-32
Julia Coley,JuliaColey@gmail.com,2014-11-15 15:42:46,female,9449$,+7(935)507-18-87
Julie Farr,JulieFarr@gmail.com,2016-03-27 19:44:08,female,4791$,+7(942)342-90-14
Julie Vanhook,JulieVanhook@gmail.com,1992-01-31 11:25:43,female,3034$,+7(943)522-35-30
Juliet Morton,JulietMorton@gmail.com,2008-10-22 19:34:14,male,3624$,+7(928)336-48-97
Julio Mitchell,JulioMitchell@gmail.com,2009-06-26 18:19:43,female,2599$,+7(918)508-53-10
Justin Richardson,JustinRichardson@gmail.com,2019-09-02 18:24:56,female,6100$,+7(966)628-25-51
Karen Dubose,KarenDubose@gmail.com,2017-08-23 03:06:51,male,6757$,+7(964)392-88-79
Karen Eudy,KarenEudy@gmail.com,2015-04-09 17:14:08,male,5236$,+7(933)407-55-36
Kari Wood,KariWood@gmail.com,2011-03-27 16:18:28,male,3997$,+7(958)368-54-32
Katherine Nelson,KatherineNelson@gmail.com,2015-04-11 21:57:53,male,5391$,+7(922)231-93-15
Kathleen Hunt,KathleenHunt@gmail.com,1993-06-14 18:19:08,female,7950$,+7(913)320-10-72
Kathleen Lopez,KathleenLopez@gmail.com,1980-09-14 11:30:47,female,7638$,+7(929)595-38-84
Kathleen Southard,KathleenSouthard@gmail.com,2013-03-25 17:21:10,female,3730$,+7(904)544-56-47
Kathleen Zuckerman,KathleenZuckerman@gmail.com,2010-03-19 17:05:41,male,8896$,+7(936)106-53-85
Kathy Kher,KathyKher@gmail.com,1996-12-03 02:43:28,male,6375$,+7(926)454-90-99
Kathy Logan,KathyLogan@gmail.com,2012-08-19 23:46:45,male,2338$,+7(917)790-77-34
Kathy Wright,KathyWright@gmail.com,2017-10-12 12:23:12,male,9717$,+7(935)377-17-90
Katie Evans,KatieEvans@gmail.com,2017-06-19 12:01:26,male,5238$,+7(943)771-49-98
Katrina Gaither,KatrinaGaither@gmail.com,2009-02-27 20:47:56,male,3869$,+7(941)315-51-68
Kayla Walker,KaylaWalker@gmail.com,2019-10-17 20:44:23,male,4672$,+7(962)577-57-21
Keith Duncan,KeithDuncan@gmail.com,2020-12-04 20:36:39,female,2527$,+7(994)385-69-17
Keith Karlin,KeithKarlin@gmail.com,2012-02-12 00:30:58,male,2847$,+7(935)227-35-64
Kelly Hunt,KellyHunt@gmail.com,2020-11-28 10:59:08,male,3010$,+7(990)517-86-65
Kelsey Brickell,KelseyBrickell@gmail.com,2018-03-20 02:12:56,female,4536$,+7(908)649-35-59
Kelsey Huertas,KelseyHuertas@gmail.com,2015-01-27 17:26:21,male,6344$,+7(918)601-85-38
Kelvin Burroughs,KelvinBurroughs@gmail.com,2017-11-10 14:56:52,female,6192$,+7(962)786-10-51
Kenneth Boatner,KennethBoatner@gmail.com,2016-12-24 01:12:14,male,5018$,+7(925)484-61-97
Kenneth Boyd,KennethBoyd@gmail.com,1992-10-15 08:38:45,female,2810$,+7(975)156-60-49
Kenneth Lawrence,KennethLawrence@gmail.com,2016-09-30 03:56:00,male,3598$,+7(926)416-52-98
Kenneth Shirley,KennethShirley@gmail.com,2017-09-17 12:20:50,male,7067$,+7(980)723-95-17
Kenneth Soto,KennethSoto@gmail.com,2015-09-18 01:12:02,male,3805$,+7(948)766-43-56
Kenneth Utley,KennethUtley@gmail.com,2015-08-02 04:19:14,male,4538$,+7(985)420-58-96
Kent Casson,KentCasson@gmail.com,2021-11-26 21:54:16,male,9396$,+7(915)176-70-88
Kenyatta Peacock,KenyattaPeacock@gmail.com,2019-03-12 01:08:26,male,2544$,+7(973)381-93-60
Kevin Gonnella,KevinGonnella@gmail.com,2017-04-08 13:15:46,male,7136$,+7(993)396-36-31
Kevin Olesen,KevinOlesen@gmail.com,2012-06-01 04:48:13,male,6259$,+7(993)121-37-76
Kim Bourgeois,KimBourgeois@gmail.com,2003-01-21 04:43:18,female,2895$,+7(923)103-68-85
Kim Pace,KimPace@gmail.com,2012-08-29 11:03:39,female,7988$,+7(912)284-64-99
Kim Perreault,KimPerreault@gmail.com,2013-10-18 02:30:20,female,5117$,+7(981)350-11-33
Kimberly Conway,KimberlyConway@gmail.com,1981-10-17 17:58:19,female,8211$,+7(924)733-73-66
Kimberly Ingram,KimberlyIngram@gmail.com,2015-03-16 12:49:29,female,8554$,+7(929)531-68-83
Kimberly Makhija,KimberlyMakhija@gmail.com,2012-11-09 08:21:15,male,7760$,+7(926)592-86-53
Kimberly Pies,KimberlyPies@gmail.com,1987-06-28 17:53:10,female,6383$,+7(988)173-43-10
Kimberly Rodriquez,KimberlyRodriquez@gmail.com,2010-10-05 17:44:13,female,9451$,+7(948)692-59-18
Kristie Davis,KristieDavis@gmail.com,2017-03-14 10:47:40,male,4754$,+7(920)760-54-27
Kristopher Stephenson,KristopherStephenson@gmail.com,1998-08-11 14:05:51,male,7782$,+7(982)570-82-72
Kyle Bashir,KyleBashir@gmail.com,2017-12-05 19:27:49,female,6891$,+7(995)729-58-74
Larue Moritz,LarueMoritz@gmail.com,2018-05-15 15:05:19,male,2012$,+7(926)437-47-21
Latasha Britt,LatashaBritt@gmail.com,2014-05-12 04:12:12,male,6470$,+7(934)739-66-50
Laura Cutler,LauraCutler@gmail.com,2008-05-17 07:20:49,female,8352$,+7(943)758-52-56
Laura Rickard,LauraRickard@gmail.com,2012-02-15 17:32:23,female,4255$,+7(937)481-92-92
Laura Yazzie,LauraYazzie@gmail.com,1991-01-14 19:50:43,female,6092$,+7(960)743-13-91
Laurence Walker,LaurenceWalker@gmail.com,2013-06-04 06:33:54,male,7808$,+7(922)336-94-67
Lawrence Richardson,LawrenceRichardson@gmail.com,2018-12-07 10:24:10,female,6112$,+7(936)253-53-68
Lena Hammon,LenaHammon@gmail.com,2001-06-24 21:16:31,male,9043$,+7(952)598-40-92
Leo Jensen,LeoJensen@gmail.com,2006-10-27 02:17:13,male,8824$,+7(998)154-23-46
Leo Martinez,LeoMartinez@gmail.com,1993-04-10 14:03:47,male,8787$,+7(917)501-35-86
Leona Collins,LeonaCollins@gmail.com,1981-02-19 02:09:27,female,8146$,+7(979)717-38-52
Leonard Hobbs,LeonardHobbs@gmail.com,2015-01-06 12:33:50,male,8611$,+7(946)177-64-37
Lester Davis,LesterDavis@gmail.com,2013-08-07 14:49:21,female,7978$,+7(950)780-68-68
Leticia Dowling,LeticiaDowling@gmail.com,2012-04-27 13:14:36,female,9822$,+7(900)549-55-63
Lewis Alexander,LewisAlexander@gmail.com,2019-11-07 14:20:23,female,2172$,+7(956)614-50-81
Lillian Fawver,LillianFawver@gmail.com,2014-03-04 23:05:19,female,9807$,+7(923)640-12-67
Lilly Allen,LillyAllen@gmail.com,2021-03-08 03:05:54,female,4646$,+7(910)186-32-23
Linda Castaneda,LindaCastaneda@gmail.com,2015-07-07 13:30:40,female,4770$,+7(998)795-12-66
Linda Goncalves,LindaGoncalves@gmail.com,1996-08-07 18:34:01,female,4571$,+7(941)538-11-60
Linda Harder,LindaHarder@gmail.com,2001-06-18 20:15:25,female,3485$,+7(987)319-47-63
Linda Imhoff,LindaImhoff@gmail.com,2017-04-26 22:44:24,female,6310$,+7(942)779-66-29
Linda Simmons,LindaSimmons@gmail.com,2021-06-14 19:28:28,female,3946$,+7(923)116-81-45
Lindsay Mimbs,LindsayMimbs@gmail.com,1996-01-20 10:10:46,female,6476$,+7(928)297-39-91
Lisa Flagg,LisaFlagg@gmail.com,2007-02-20 09:54:18,male,2535$,+7(905)122-99-12
Lisa Gaines,LisaGaines@gmail.com,2012-11-05 11:44:04,male,2153$,+7(933)790-27-17
Lisa Rosenfeld,LisaRosenfeld@gmail.com,2013-01-08 06:11:57,female,9952$,+7(957)251-95-67
Lonnie Koehn,LonnieKoehn@gmail.com,1984-06-24 00:11:14,female,5145$,+7(954)299-41-48
Loraine Roush,LoraineRoush@gmail.com,2013-06-08 04:28:51,female,5525$,+7(932)499-14-73
Lorenzo Jack,LorenzoJack@gmail.com,2005-10-06 07:15:41,female,7220$,+7(921)626-66-66
Loretta Chancey,LorettaChancey@gmail.com,2005-12-21 18:57:58,female,9787$,+7(987)219-34-29
Lori Aldous,LoriAldous@gmail.com,2019-05-28 18:45:03,male,5765$,+7(903)641-29-95
Lori Frame,LoriFrame@gmail.com,2011-10-31 18:46:41,female,8072$,+7(956)471-42-57
Lori Keller,LoriKeller@gmail.com,2016-10-06 14:57:45,male,8799$,+7(965)556-40-59
Lori Kimber,LoriKimber@gmail.com,2021-06-15 08:46:24,male,8103$,+7(973)751-90-25
Lori Roesch,LoriRoesch@gmail.com,2016-09-07 11:34:23,male,9850$,+7(904)284-86-40
Lori Sawinski,LoriSawinski@gmail.com,1992-01-11 16:39:28,female,2795$,+7(972)508-59-58
Lorraine Turcotte,LorraineTurcotte@gmail.com,1993-07-12 00:35:51,male,9435$,+7(933)146-64-10
Louella Braxton,LouellaBraxton@gmail.com,2017-09-10 23:09:06,male,6162$,+7(987)472-84-66
Louis Jackson,LouisJackson@gmail.com,2002-07-01 03:42:55,female,8506$,+7(912)692-20-54
Louise Everett,LouiseEverett@gmail.com,2006-05-15 19:39:44,female,6861$,+7(928)219-38-55
Louise Waterer,LouiseWaterer@gmail.com,2020-01-23 21:35:03,male,6917$,+7(991)172-95-20
Lowell Reed,LowellReed@gmail.com,2021-10-18 10:41:22,female,3441$,+7(903)779-35-89
Lucas Thompson,LucasThompson@gmail.com,2017-09-30 20:38:29,female,5188$,+7(938)691-92-68
Lucinda Mcfadden,LucindaMcfadden@gmail.com,2005-01-29 04:45:49,female,5851$,+7(948)361-41-37
Lydia Smith,LydiaSmith@gmail.com,2014-02-03 02:26:34,male,3437$,+7(931)482-35-90
Lyle Kinard,LyleKinard@gmail.com,2015-06-18 09:41:11,female,6547$,+7(953)320-52-69
Lynda Pereira,LyndaPereira@gmail.com,2017-08-31 09:42:24,female,7704$,+7(925)649-70-70
Mable Gondek,MableGondek@gmail.com,2016-11-18 23:00:42,male,3306$,+7(998)574-37-54
Madeline Balistrieri,MadelineBalistrieri@gmail.com,2001-11-15 08:08:20,female,2648$,+7(972)633-89-38
Madeline Brady,MadelineBrady@gmail.com,1998-01-11 04:01:54,female,3897$,+7(930)409-63-42
Manuel Nall,ManuelNall@gmail.com,1997-12-22 03:18:04,male,2515$,+7(934)500-70-90
Marcella Delargy,MarcellaDelargy@gmail.com,1999-10-09 14:31:21,male,4680$,+7(990)356-21-43
Marcia Lee,MarciaLee@gmail.com,2021-01-20 12:54:23,male,5067$,+7(965)229-82-60
Marcus Baughman,MarcusBaughman@gmail.com,2013-10-27 22:43:10,male,9090$,+7(995)742-53-61
Marcy Duran,MarcyDuran@gmail.com,1991-04-01 10:51:13,male,9466$,+7(979)673-59-72
Margaret Needham,MargaretNeedham@gmail.com,2020-08-31 04:09:21,female,7089$,+7(918)688-68-51
Margarita Sanders,MargaritaSanders@gmail.com,1996-10-23 14:45:57,male,7786$,+7(965)732-21-29
Margie Fawbush,MargieFawbush@gmail.com,2016-01-04 07:51:36,female,4029$,+7(978)432-97-10
Maria Demars,MariaDemars@gmail.com,2016-01-29 09:05:42,female,7129$,+7(920)619-59-55
Maria Gamble,MariaGamble@gmail.com,2013-12-28 17:11:29,female,9458$,+7(992)737-55-58
Maria Himes,MariaHimes@gmail.com,2001-01-22 10:26:44,male,7587$,+7(902)786-98-44
Maria Patterson,MariaPatterson@gmail.com,2005-06-06 05:14:52,female,4804$,+7(973)645-80-65
Maria Tilley,MariaTilley@gmail.com,2012-09-07 23:10:50,male,7415$,+7(910)570-40-30
Marie Bannister,MarieBannister@gmail.com,2007-05-10 22:35:43,male,4438$,+7(913)278-33-60
Marilyn Lee,MarilynLee@gmail.com,2002-09-14 21:39:58,female,7256$,+7(986)176-21-70
Marilyn Mikkelsen,MarilynMikkelsen@gmail.com,2019-03-26 06:57:25,male,7699$,+7(929)301-43-64
Marion Santiago,MarionSantiago@gmail.com,2018-07-27 17:43:44,female,6464$,+7(962)753-31-52
Marjorie Solomon,MarjorieSolomon@gmail.com,2016-08-31 01:11:12,female,9015$,+7(989)598-47-43
Mark Lance,MarkLance@gmail.com,2020-10-01 12:18:45,male,3312$,+7(918)525-67-87
Mark Robbins,MarkRobbins@gmail.com,1999-09-25 12:10:56,male,4137$,+7(977)525-53-13
Mark Royal,MarkRoyal@gmail.com,1988-07-21 17:49:26,female,3330$,+7(948)356-75-68
Mark Williams,MarkWilliams@gmail.com,2020-05-27 11:02:08,male,2261$,+7(949)347-26-44
Martha Desmarais,MarthaDesmarais@gmail.com,2012-08-13 14:08:16,male,2233$,+7(909)167-78-49
Martha Gonzales,MarthaGonzales@gmail.com,2019-11-01 13:04:52,female,6113$,+7(925)173-39-59
Martha Gonzalez,MarthaGonzalez@gmail.com,2019-01-08 10:17:07,male,2201$,+7(994)667-88-28
Martha Owsley,MarthaOwsley@gmail.com,2014-04-17 08:44:12,female,5215$,+7(942)681-51-39
Martin Johnson,MartinJohnson@gmail.com,2014-10-04 14:40:25,male,6681$,+7(914)238-74-94
Martin Rowe,MartinRowe@gmail.com,1992-01-11 15:30:09,male,4956$,+7(995)472-29-98
Martin Valentine,MartinValentine@gmail.com,2014-06-27 01:51:08,male,2966$,+7(914)782-91-68
Marvin Nyland,MarvinNyland@gmail.com,2014-11-29 11:49:26,male,8973$,+7(994)164-25-79
Marvin Scharmer,MarvinScharmer@gmail.com,2016-10-02 03:54:08,female,3394$,+7(967)365-86-27
Mary Behrens,MaryBehrens@gmail.com,1999-12-13 10:35:39,male,8187$,+7(976)519-54-99
Mary Brown,MaryBrown@gmail.com,2021-07-09 20:19:34,male,6649$,+7(988)599-61-54
Mary Clark,MaryClark@gmail.com,1988-02-23 06:59:09,female,9167$,+7(925)715-66-47
Mary Clarke,MaryClarke@gmail.com,2013-12-08 02:49:42,male,3905$,+7(907)605-27-88
Mary Dewispelaere,MaryDewispelaere@gmail.com,2021-01-13 14:39:57,male,7101$,+7(911)141-33-63
Mary Ernst,MaryErnst@gmail.com,2017-03-24 07:29:06,male,5068$,+7(995)182-54-60
Mary Goad,MaryGoad@gmail.com,2001-07-15 16:40:26,male,3908$,+7(902)356-72-41
Mary Long,MaryLong@gmail.com,2012-05-25 04:47:47,male,3839$,+7(936)261-80-64
Mary Marlett,MaryMarlett@gmail.com,2021-03-03 11:51:42,female,5189$,+7(958)771-98-71
Mary Meyers,MaryMeyers@gmail.com,1987-05-14 23:25:57,male,2257$,+7(938)691-11-58
Mary Millet,MaryMillet@gmail.com,2013-07-15 08:46:56,female,6926$,+7(916)443-97-48
Mary Monroe,MaryMonroe@gmail.com,2021-07-22 14:13:48,female,8452$,+7(906)203-93-28
Mary Nguyen,MaryNguyen@gmail.com,2005-02-06 08:27:29,male,5844$,+7(954)631-15-92
Mary Palmer,MaryPalmer@gmail.com,2006-07-14 21:24:01,female,4527$,+7(917)213-60-11
Mary Peterson,MaryPeterson@gmail.com,1990-03-08 21:09:40,female,9076$,+7(942)157-46-43
Mary Rodriguez,MaryRodriguez@gmail.com,2015-03-27 17:31:08,male,3584$,+7(980)185-78-82
Mary Schopp,MarySchopp@gmail.com,2021-08-07 16:04:25,male,6972$,+7(951)510-56-90
Mary Smith,MarySmith@gmail.com,2014-11-17 01:26:00,female,7956$,+7(957)231-41-16
Mary Sommer,MarySommer@gmail.com,1995-07-21 21:23:39,male,6810$,+7(992)425-39-13
Mary Stewart,MaryStewart@gmail.com,2011-10-27 05:49:37,female,3068$,+7(969)762-64-40
Mary Thrasher,MaryThrasher@gmail.com,1995-12-13 22:14:04,female,8278$,+7(947)415-18-70
Mary Tilman,MaryTilman@gmail.com,2021-01-20 03:52:11,female,8159$,+7(970)473-89-57
Mary Toenges,MaryToenges@gmail.com,2010-02-15 04:57:37,male,5814$,+7(999)439-75-81
Mason Martinez,MasonMartinez@gmail.com,2019-05-11 03:30:01,male,7749$,+7(914)360-12-11
Matthew Ballance,MatthewBallance@gmail.com,2015-09-02 07:18:51,male,5571$,+7(979)215-49-18
Matthew Gleason,MatthewGleason@gmail.com,1985-10-09 04:48:51,male,6689$,+7(923)454-96-28
Matthew Lifford,MatthewLifford@gmail.com,2021-07-05 20:50:25,female,8031$,+7(983)410-84-96
Matthew Martin,MatthewMartin@gmail.com,2013-07-05 00:03:43,female,9008$,+7(922)148-71-73
Matthew Shaughnessy,MatthewShaughnessy@gmail.com,2004-07-05 05:48:56,male,9086$,+7(927)636-90-17
Matthew Weir,MatthewWeir@gmail.com,2013-05-07 13:19:49,male,9271$,+7(971)766-39-19
Matthew Willis,MatthewWillis@gmail.com,2016-02-07 03:32:20,male,4527$,+7(912)419-84-80
Matthew Wozniak,MatthewWozniak@gmail.com,2015-05-07 01:40:21,female,7615$,+7(928)611-44-76
Maurice Shilling,MauriceShilling@gmail.com,2013-06-30 07:50:17,male,6946$,+7(936)130-26-49
Megan Junes,MeganJunes@gmail.com,2012-05-07 15:16:04,female,2280$,+7(964)353-72-53
Melissa Carpenter,MelissaCarpenter@gmail.com,1998-08-22 00:13:31,male,8568$,+7(963)105-89-21
Melissa Harvey,MelissaHarvey@gmail.com,2013-03-20 17:15:22,male,4227$,+7(903)497-71-29
Melissa Kelly,MelissaKelly@gmail.com,2012-02-05 03:29:11,female,4609$,+7(966)386-81-49
Melissa Spooner,MelissaSpooner@gmail.com,2015-11-23 12:20:09,male,8759$,+7(957)666-74-77
Melissa Stclair,MelissaStclair@gmail.com,1995-04-23 10:03:31,male,4232$,+7(945)572-64-32
Melissa Teston,MelissaTeston@gmail.com,2011-02-12 16:26:41,male,6625$,+7(980)721-94-90
Melody Potter,MelodyPotter@gmail.com,2019-07-06 07:18:52,female,6138$,+7(901)439-67-71
Melynda Tucker,MelyndaTucker@gmail.com,2009-05-31 11:02:20,female,8571$,+7(978)120-85-72
Michael Berg,MichaelBerg@gmail.com,2003-11-30 12:44:10,male,8430$,+7(934)587-77-71
Michael Black,MichaelBlack@gmail.com,2007-07-09 23:40:58,female,8432$,+7(901)203-94-43
Michael Bolton,MichaelBolton@gmail.com,2009-10-05 06:55:51,female,7945$,+7(984)718-47-51
Michael Brown,MichaelBrown@gmail.com,1981-05-23 19:26:19,male,9731$,+7(972)726-15-52
Michael Deno,MichaelDeno@gmail.com,1996-02-21 05:18:23,male,7358$,+7(911)201-15-67
Michael Greene,MichaelGreene@gmail.com,2006-06-03 19:19:19,female,5843$,+7(945)282-93-55
Michael Heidt,MichaelHeidt@gmail.com,2008-03-19 03:57:56,male,3838$,+7(953)211-23-24
Michael Hernandez,MichaelHernandez@gmail.com,1991-08-19 11:55:53,male,9991$,+7(920)391-59-61
Michael Huber,MichaelHuber@gmail.com,2017-07-25 13:00:45,male,4273$,+7(936)742-51-54
Michael Lavoie,MichaelLavoie@gmail.com,2013-12-22 23:10:05,male,3964$,+7(922)130-75-90
Michael Markum,MichaelMarkum@gmail.com,2018-04-11 11:30:42,male,5498$,+7(996)522-83-27
Michael Schuyler,MichaelSchuyler@gmail.com,2014-12-28 06:57:09,female,7464$,+7(951)495-17-89
Michael Scott,MichaelScott@gmail.com,2012-10-28 07:52:41,female,9121$,+7(964)352-29-69
Michael Smith,MichaelSmith@gmail.com,1992-07-06 17:52:50,female,4655$,+7(971)713-63-88
Michael Tutt,MichaelTutt@gmail.com,2000-05-07 19:23:13,female,5838$,+7(972)428-94-22
Michael Yeatts,MichaelYeatts@gmail.com,1986-08-21 16:15:48,male,5621$,+7(972)473-67-25
Michelle Brown,MichelleBrown@gmail.com,2006-03-17 05:13:54,female,2479$,+7(947)512-39-58
Michelle Huls,MichelleHuls@gmail.com,2004-05-17 22:40:59,female,6796$,+7(919)673-37-81
Michelle Jensen,MichelleJensen@gmail.com,2007-10-10 21:02:45,female,6618$,+7(963)676-82-10
Miguel Jefferson,MiguelJefferson@gmail.com,1997-06-22 07:58:03,female,7774$,+7(929)480-44-66
Mike Glisson,MikeGlisson@gmail.com,2019-05-19 06:01:42,female,8838$,+7(987)392-68-43
Mildred Brown,MildredBrown@gmail.com,2021-03-14 18:12:48,male,9543$,+7(948)567-88-67
Mildred Rodrigues,MildredRodrigues@gmail.com,2020-02-25 06:13:05,female,7103$,+7(942)492-38-70
Mimi Parker,MimiParker@gmail.com,2018-09-23 04:08:13,male,4612$,+7(911)380-29-12
Miriam Powell,MiriamPowell@gmail.com,2009-07-11 15:41:52,male,4797$,+7(911)648-95-67
Mitchell Rice,MitchellRice@gmail.com,2015-11-16 17:28:43,female,2249$,+7(974)277-16-13
Mona Porter,MonaPorter@gmail.com,2018-12-10 18:56:35,male,6556$,+7(912)661-60-84
Monica Tisdale,MonicaTisdale@gmail.com,2002-12-31 12:42:29,male,9539$,+7(972)270-48-14
Monte Olson,MonteOlson@gmail.com,2020-12-18 23:43:26,female,3660$,+7(920)781-17-96
Morris Ford,MorrisFord@gmail.com,2011-03-09 15:21:08,male,2817$,+7(954)276-19-72
Mose Dobbs,MoseDobbs@gmail.com,2017-12-30 23:20:22,female,5127$,+7(993)698-12-17
Muriel Phillips,MurielPhillips@gmail.com,2013-05-19 14:58:39,male,8151$,+7(969)327-99-77
Nadia Railey,NadiaRailey@gmail.com,2018-10-13 11:14:49,male,2977$,+7(971)325-19-25
Nadine Kirk,NadineKirk@gmail.com,2017-06-17 17:36:42,female,2038$,+7(908)201-42-77
Nakia Jones,NakiaJones@gmail.com,1987-06-22 14:27:25,male,6421$,+7(986)667-82-79
Nakita Wingard,NakitaWingard@gmail.com,2017-07-17 21:38:14,male,9591$,+7(975)403-98-89
Nan Hensley,NanHensley@gmail.com,2015-06-20 22:28:41,male,4936$,+7(981)728-67-26
Nancy Lefebvre,NancyLefebvre@gmail.com,2014-01-30 11:34:44,male,7977$,+7(905)236-99-80
Nancy Yokum,NancyYokum@gmail.com,2010-01-17 11:53:07,female,4082$,+7(932)459-83-66
Nell Bynum,NellBynum@gmail.com,2010-06-05 00:56:30,female,4334$,+7(915)302-71-69
Nicholas Johnson,NicholasJohnson@gmail.com,2013-03-13 21:51:42,female,9567$,+7(915)198-42-36
Nicholas Ransom,NicholasRansom@gmail.com,2011-04-14 12:05:11,female,3227$,+7(902)761-15-75
Nicholas Wishart,NicholasWishart@gmail.com,2012-11-13 00:25:56,male,9685$,+7(996)469-53-62
Nickolas Born,NickolasBorn@gmail.com,1995-02-24 03:23:13,female,9523$,+7(994)514-63-22
Nicole Nakata,NicoleNakata@gmail.com,2006-08-12 04:39:42,female,7654$,+7(930)163-44-57
Nicole Nicol,NicoleNicol@gmail.com,2014-09-05 06:10:10,female,3223$,+7(972)773-87-60
Nikki Rodriguez,NikkiRodriguez@gmail.com,2019-05-15 02:33:33,female,7419$,+7(928)161-71-78
Nora Humphreys,NoraHumphreys@gmail.com,2021-12-25 10:35:27,female,6716$,+7(971)659-22-23
Norma Sheets,NormaSheets@gmail.com,2019-12-17 16:21:33,female,8477$,+7(927)790-70-72
Norman Chung,NormanChung@gmail.com,2001-01-25 21:31:57,female,2690$,+7(922)221-24-85
Olivia Demopoulos,OliviaDemopoulos@gmail.com,2012-10-04 05:10:52,female,7034$,+7(994)653-96-28
Otis Harper,OtisHarper@gmail.com,2014-10-06 04:32:00,female,9839$,+7(910)782-12-28
Pamela Mcdaniel,PamelaMcdaniel@gmail.com,2011-06-06 05:39:37,male,8211$,+7(917)257-65-25
Pamela Stowe,PamelaStowe@gmail.com,2013-12-12 12:52:28,female,8520$,+7(951)645-76-45
Pansy Winn,PansyWinn@gmail.com,1992-08-06 22:22:45,male,5423$,+7(963)504-55-14
Patricia Curtis,PatriciaCurtis@gmail.com,2011-09-01 16:43:16,male,9420$,+7(932)733-32-84
Patricia Erickson,PatriciaErickson@gmail.com,2011-04-29 09:32:50,male,8287$,+7(960)222-26-21
Patricia Hansen,PatriciaHansen@gmail.com,2019-03-03 20:55:07,female,3533$,+7(915)429-61-17
Patricia Hawk,PatriciaHawk@gmail.com,2012-03-31 13:20:08,female,3671$,+7(994)604-62-82
Patricia Mora,PatriciaMora@gmail.com,1984-11-03 14:01:45,female,9744$,+7(923)512-98-63
Patricia Rodriquez,PatriciaRodriquez@gmail.com,2014-01-12 18:40:30,male,6937$,+7(954)756-95-52
Patricia Stillwagon,PatriciaStillwagon@gmail.com,2014-05-11 10:04:17,male,9890$,+7(927)691-43-96
Patricia Williams,PatriciaWilliams@gmail.com,2004-06-15 19:21:57,male,9412$,+7(981)699-76-38
Patrick Cornell,PatrickCornell@gmail.com,2011-07-24 03:30:11,male,6820$,+7(918)551-90-72
Patrick Hill,PatrickHill@gmail.com,2021-06-17 17:15:23,male,6526$,+7(995)481-82-76
Patti Dukes,PattiDukes@gmail.com,2015-12-11 20:28:42,male,8266$,+7(903)131-13-12
Paul Begay,PaulBegay@gmail.com,2013-02-15 19:47:53,male,4625$,+7(955)764-68-94
Paul Benigno,PaulBenigno@gmail.com,1996-05-03 16:56:56,male,3227$,+7(901)187-79-28
Paul Hunt,PaulHunt@gmail.com,2013-10-10 15:48:01,male,9923$,+7(999)577-28-84
Paul Lewis,PaulLewis@gmail.com,1999-01-17 01:49:04,female,6543$,+7(992)302-50-59
Paul Martinez,PaulMartinez@gmail.com,2016-03-14 12:29:44,male,9238$,+7(980)479-48-78
Paul Miller,PaulMiller@gmail.com,2016-09-09 08:28:03,male,8971$,+7(992)634-73-98
Paula Garren,PaulaGarren@gmail.com,2011-11-27 15:13:24,male,7024$,+7(945)567-95-24
Paulette Morgan,PauletteMorgan@gmail.com,2020-07-03 02:15:01,male,9569$,+7(965)490-65-79
Pearl Clear,PearlClear@gmail.com,2012-03-08 06:23:34,female,5675$,+7(935)404-81-93
Pedro Coleman,PedroColeman@gmail.com,2020-02-16 13:54:36,male,5384$,+7(950)768-63-89
Penny Adams,PennyAdams@gmail.com,2015-11-14 01:22:33,female,6188$,+7(986)351-45-55
Penny Pipkin,PennyPipkin@gmail.com,2012-06-24 22:20:08,male,7182$,+7(938)749-36-61
Peter Hatfield,PeterHatfield@gmail.com,2021-03-28 17:59:11,female,6545$,+7(942)201-40-23
Peter Sanchez,PeterSanchez@gmail.com,2013-04-22 06:30:41,female,3643$,+7(953)518-69-51
Philip Petersen,PhilipPetersen@gmail.com,2014-03-07 15:46:01,female,6430$,+7(929)743-95-25
Phillip Rigdon,PhillipRigdon@gmail.com,2009-01-23 01:29:35,female,8686$,+7(980)115-93-60
Portia Tresvant,PortiaTresvant@gmail.com,1990-08-27 13:06:57,female,8141$,+7(964)500-31-10
Priscilla Carranza,PriscillaCarranza@gmail.com,2002-10-26 12:45:05,female,4381$,+7(990)582-13-96
Quentin Mccoy,QuentinMccoy@gmail.com,2015-03-26 22:13:19,female,6424$,+7(903)730-93-25
Rachel Crespo,RachelCrespo@gmail.com,2006-07-30 12:15:19,female,6914$,+7(971)330-94-93
Rachel Mcgrew,RachelMcgrew@gmail.com,2017-08-03 17:58:09,male,5273$,+7(978)609-26-45
Ralph Garcia,RalphGarcia@gmail.com,2007-08-24 12:13:00,male,7422$,+7(915)233-13-35
Ralph Stansbury,RalphStansbury@gmail.com,2004-06-23 22:13:52,female,8975$,+7(941)152-62-65
Ramiro Stobie,RamiroStobie@gmail.com,2014-05-16 14:58:06,male,7757$,+7(971)494-53-81
Ramon Duncan,RamonDuncan@gmail.com,2001-05-03 02:20:28,male,3175$,+7(937)192-28-10
Ramon Lopez,RamonLopez@gmail.com,2011-08-15 09:55:58,male,2343$,+7(912)762-52-36
Randall Curtis,RandallCurtis@gmail.com,2016-12-21 22:12:22,female,2648$,+7(995)460-69-32
Randy Ellis,RandyEllis@gmail.com,2021-11-13 01:38:24,male,2643$,+7(923)121-28-93
Randy Williams,RandyWilliams@gmail.com,2018-08-24 23:13:00,male,2398$,+7(995)541-17-45
Raul Butcher,RaulButcher@gmail.com,2011-11-15 08:07:57,male,4191$,+7(960)315-33-82
Ray Pyle,RayPyle@gmail.com,2012-02-14 22:34:17,female,7347$,+7(953)629-65-31
Raymond Oliver,RaymondOliver@gmail.com,2021-11-09 08:28:41,male,5710$,+7(906)248-67-80
Reba Dan,RebaDan@gmail.com,2016-03-15 02:42:31,male,6650$,+7(981)261-26-73
Reba Kapur,RebaKapur@gmail.com,2007-12-06 10:06:53,male,3891$,+7(914)629-73-76
Rebecca Fry,RebeccaFry@gmail.com,2008-01-24 23:15:32,female,6764$,+7(914)340-63-95
Rebecca Wilmot,RebeccaWilmot@gmail.com,2021-11-13 01:12:47,male,2137$,+7(910)764-88-24
Rebekah Perez,RebekahPerez@gmail.com,2021-11-11 08:09:51,female,6362$,+7(972)286-36-87
Regina Anderson,ReginaAnderson@gmail.com,2018-01-29 21:43:56,female,7243$,+7(922)557-39-24
Reid Kelly,ReidKelly@gmail.com,2012-08-28 19:25:35,male,8519$,+7(973)703-97-95
Rena Tabor,RenaTabor@gmail.com,2009-07-24 02:34:35,male,9968$,+7(958)558-33-62
Renaldo West,RenaldoWest@gmail.com,2011-10-12 07:40:25,male,7002$,+7(952)233-23-32
Retha Benjamin,RethaBenjamin@gmail.com,2011-03-22 23:04:43,male,2390$,+7(963)120-54-73
Richard Acosta,RichardAcosta@gmail.com,2015-05-31 10:00:46,female,6899$,+7(957)747-30-27
Richard Bahl,RichardBahl@gmail.com,2018-07-14 02:22:32,female,8176$,+7(969)463-16-79
Richard Durfee,RichardDurfee@gmail.com,2020-06-24 10:44:56,male,2927$,+7(901)450-69-20
Richard Harrell,RichardHarrell@gmail.com,2001-07-28 23:07:24,male,9986$,+7(909)599-97-30
Richard Martinez,RichardMartinez@gmail.com,2009-05-11 14:21:51,male,2380$,+7(948)102-42-65
Richard Massey,RichardMassey@gmail.com,2003-10-25 15:43:25,female,4424$,+7(942)453-11-35
Richard Morring,RichardMorring@gmail.com,2016-04-12 09:05:03,female,6891$,+7(978)122-96-43
Richard Moss,RichardMoss@gmail.com,2017-01-06 23:38:56,female,5910$,+7(975)228-91-54
Richard Patton,RichardPatton@gmail.com,2017-11-21 15:38:44,female,3381$,+7(968)233-18-54
Richard Sherry,RichardSherry@gmail.com,2015-03-01 09:04:22,female,9403$,+7(973)344-73-39
Richard Slostad,RichardSlostad@gmail.com,2016-12-31 12:15:21,male,6760$,+7(949)271-47-66
Richard Sommer,RichardSommer@gmail.com,2011-11-12 20:01:11,male,7887$,+7(925)317-81-76
Richard Swartz,RichardSwartz@gmail.com,2014-11-24 09:09:26,female,8404$,+7(923)433-22-85
Richard Thibodeaux,RichardThibodeaux@gmail.com,2014-04-09 03:29:30,female,8347$,+7(982)552-24-65
Richard Turk,RichardTurk@gmail.com,2014-01-16 19:41:20,female,6222$,+7(956)266-38-70
Rick Dowling,RickDowling@gmail.com,2011-03-18 23:01:29,male,7535$,+7(915)708-64-29
Ricky Hand,RickyHand@gmail.com,2018-11-10 12:32:48,female,3209$,+7(944)269-40-45
Ricky Odom,RickyOdom@gmail.com,2021-03-14 04:47:11,female,6002$,+7(993)546-54-34
Rita Goolesby,RitaGoolesby@gmail.com,2011-08-26 13:45:40,male,9790$,+7(921)401-20-40
Rita Toledo,RitaToledo@gmail.com,2016-01-15 23:03:59,female,6802$,+7(900)304-92-69
Robert Akers,RobertAkers@gmail.com,1983-06-04 04:43:07,male,9522$,+7(948)490-20-28
Robert Allen,RobertAllen@gmail.com,2012-12-10 23:12:53,male,8002$,+7(933)410-21-25
Robert Baker,RobertBaker@gmail.com,2012-12-04 08:50:28,female,5850$,+7(947)181-66-46
Robert Beach,RobertBeach@gmail.com,1982-10-06 17:33:34,female,7557$,+7(971)305-16-70
Robert Beeman,RobertBeeman@gmail.com,2015-12-16 06:48:45,female,9576$,+7(913)127-58-74
Robert Bonds,RobertBonds@gmail.com,1998-01-06 15:04:25,female,7077$,+7(986)263-32-21
Robert Gay,RobertGay@gmail.com,2017-03-23 18:29:35,male,4084$,+7(953)704-25-57
Robert Goin,RobertGoin@gmail.com,2008-11-02 04:04:41,female,6551$,+7(970)299-39-82
Robert Heath,RobertHeath@gmail.com,2009-01-29 02:27:35,male,5111$,+7(973)553-21-68
Robert Hood,RobertHood@gmail.com,2015-06-11 22:02:47,male,4630$,+7(921)480-32-60
Robert Lawrence,RobertLawrence@gmail.com,2020-07-28 04:32:01,male,6800$,+7(988)328-87-66
Robert Mckenzie,RobertMckenzie@gmail.com,1996-01-07 21:50:16,male,5302$,+7(961)392-12-11
Robert Reeder,RobertReeder@gmail.com,2011-12-26 16:29:24,male,6559$,+7(913)248-81-49
Robert Schultz,RobertSchultz@gmail.com,2020-11-30 16:50:40,female,4350$,+7(976)392-15-85
Robert Sibley,RobertSibley@gmail.com,2016-11-16 23:40:14,female,6342$,+7(923)195-33-92
Robert Vaughan,RobertVaughan@gmail.com,2021-12-10 09:59:36,female,6168$,+7(917)558-99-93
Robert Wallace,RobertWallace@gmail.com,2014-04-05 02:23:19,male,2179$,+7(938)441-58-14
Roberta Tippin,RobertaTippin@gmail.com,1991-02-20 21:00:47,female,2832$,+7(934)238-37-33
Roberto Baker,RobertoBaker@gmail.com,1996-03-26 01:35:17,female,2923$,+7(904)201-41-95
Roberto Hurt,RobertoHurt@gmail.com,2012-02-26 05:35:26,male,4185$,+7(993)412-47-72
Robin Ortega,RobinOrtega@gmail.com,2020-07-20 17:20:01,female,4943$,+7(927)100-16-72
Robin Stevens,RobinStevens@gmail.com,2012-11-14 03:07:09,female,8906$,+7(972)542-95-81
Rocio Starling,RocioStarling@gmail.com,2013-11-24 08:21:49,male,4738$,+7(968)393-25-52
Rocky Santiago,RockySantiago@gmail.com,2011-01-08 06:48:17,male,4473$,+7(918)524-71-62
Roderick Vargas,RoderickVargas@gmail.com,2002-10-13 07:59:04,male,6937$,+7(960)584-22-56
Rolanda Hammons,RolandaHammons@gmail.com,2020-05-20 01:39:22,male,6372$,+7(952)468-70-76
Romeo Seebach,RomeoSeebach@gmail.com,2018-05-08 05:13:56,female,5966$,+7(947)213-69-26
Ronald Blakenship,RonaldBlakenship@gmail.com,2013-01-02 11:20:47,female,5075$,+7(912)768-73-87
Ronald Carr,RonaldCarr@gmail.com,2011-05-23 01:23:57,female,8723$,+7(911)660-33-58
Ronny Champagne,RonnyChampagne@gmail.com,2015-08-23 04:16:26,female,2006$,+7(965)211-97-95
Rosalind Bowling,RosalindBowling@gmail.com,1982-01-05 14:50:59,male,7846$,+7(965)502-69-98
Rosalinda Player,RosalindaPlayer@gmail.com,1988-04-12 00:32:16,male,4259$,+7(999)474-26-79
Rose Johnston,RoseJohnston@gmail.com,1991-04-30 09:32:18,female,8684$,+7(997)531-96-78
Rose Villa,RoseVilla@gmail.com,2021-07-25 17:12:53,female,3303$,+7(914)444-65-90
Rose Winslow,RoseWinslow@gmail.com,2020-02-03 07:24:10,male,9968$,+7(973)198-99-62
Rosemary James,RosemaryJames@gmail.com,2011-06-10 08:52:18,male,9689$,+7(971)477-25-30
Roxann Peard,RoxannPeard@gmail.com,2016-07-16 19:50:44,female,6665$,+7(968)626-61-94
Roy Crowell,RoyCrowell@gmail.com,2014-05-23 16:03:08,female,5810$,+7(949)702-98-18
Roy Derosa,RoyDerosa@gmail.com,1994-11-10 02:32:44,female,3755$,+7(940)441-76-26
Roy Harding,RoyHarding@gmail.com,2001-09-23 23:18:32,male,2325$,+7(970)498-35-37
Russell Quivers,RussellQuivers@gmail.com,2011-04-12 13:08:26,male,2980$,+7(900)375-18-72
Ryan Mccarter,RyanMccarter@gmail.com,2017-09-30 22:10:32,female,8525$,+7(926)119-18-79
Ryann Fisher,RyannFisher@gmail.com,2017-03-05 18:17:46,female,2378$,+7(984)111-74-26
Sallie Bush,SallieBush@gmail.com,2011-05-06 13:29:46,female,8859$,+7(950)757-58-18
Sam Gill,SamGill@gmail.com,1999-10-04 09:00:25,female,3377$,+7(993)319-84-72
Sam Salinas,SamSalinas@gmail.com,2012-08-23 20:26:09,female,6358$,+7(946)665-11-80
Samuel Delorenzo,SamuelDelorenzo@gmail.com,2014-09-04 05:10:12,male,9858$,+7(925)696-26-21
Samuel Downing,SamuelDowning@gmail.com,2019-11-20 10:08:13,male,4948$,+7(987)220-55-91
Samuel Ferkovich,SamuelFerkovich@gmail.com,2008-03-29 21:17:28,female,8026$,+7(957)205-25-64
Sandra Marshall,SandraMarshall@gmail.com,2016-01-10 00:31:44,female,4817$,+7(984)655-48-36
Sandra Nittler,SandraNittler@gmail.com,1996-04-22 07:06:35,male,2868$,+7(984)176-98-84
Sandra Vidot,SandraVidot@gmail.com,2018-06-03 13:20:47,female,3500$,+7(909)417-35-92
Sara Hill,SaraHill@gmail.com,2010-07-23 08:27:21,male,3514$,+7(916)434-99-72
Scott Cifuentes,ScottCifuentes@gmail.com,2016-07-11 11:39:56,male,2191$,+7(944)182-82-46
Scott Gragg,ScottGragg@gmail.com,2011-03-14 10:24:54,male,4318$,+7(993)595-40-30
Scott Ranney,ScottRanney@gmail.com,1996-07-19 18:16:00,female,3020$,+7(986)227-43-97
Scott Simpson,ScottSimpson@gmail.com,2011-12-10 08:01:49,male,5755$,+7(919)305-67-47
Shakita Johnson,ShakitaJohnson@gmail.com,2006-06-16 08:52:46,female,4611$,+7(978)668-43-96
Shane Fletcher,ShaneFletcher@gmail.com,1990-09-21 20:52:27,male,2450$,+7(998)195-25-77
Shane Osmer,ShaneOsmer@gmail.com,1985-02-14 01:11:43,female,8271$,+7(965)142-48-16
Shanna Foster,ShannaFoster@gmail.com,2007-05-15 16:41:36,female,7298$,+7(912)222-11-24
Shannon Lawrence,ShannonLawrence@gmail.com,2005-11-04 07:27:26,female,9300$,+7(919)344-28-21
Shanon Camus,ShanonCamus@gmail.com,2011-02-09 18:44:37,female,3807$,+7(902)374-62-22
Sharon Gonzales,SharonGonzales@gmail.com,2015-06-03 22:07:45,male,4245$,+7(971)180-27-57
Sharon Snyder,SharonSnyder@gmail.com,2005-09-07 16:59:09,male,6475$,+7(994)186-82-19
Sharon Sullivan,SharonSullivan@gmail.com,2012-09-24 01:29:37,female,7951$,+7(936)462-69-18
Shauna Feuer,ShaunaFeuer@gmail.com,1993-06-10 01:22:27,male,3465$,+7(995)645-18-67
Shawn Mendez,ShawnMendez@gmail.com,2013-08-06 09:03:34,male,9041$,+7(993)730-61-27
Shelia Bode,SheliaBode@gmail.com,2018-10-15 02:11:39,female,6564$,+7(986)127-68-22
Shelly Tilton,ShellyTilton@gmail.com,2013-01-20 14:56:16,male,7521$,+7(988)589-25-89
Sherill Morin,SherillMorin@gmail.com,2021-02-03 05:57:04,female,5434$,+7(902)413-41-66
Sherri Sell,SherriSell@gmail.com,2013-07-08 23:44:03,female,3351$,+7(998)512-25-84
Sherry Belote,SherryBelote@gmail.com,2015-05-07 20:07:47,female,6000$,+7(952)175-90-13
Sherry Escalante,SherryEscalante@gmail.com,2012-11-09 20:24:12,male,7525$,+7(937)602-11-52
Sheryl Morgan,SherylMorgan@gmail.com,1989-04-24 13:56:54,male,8070$,+7(964)409-38-63
Shirley Dale,ShirleyDale@gmail.com,2021-08-01 03:38:35,female,7140$,+7(956)690-40-26
Socorro Moore,SocorroMoore@gmail.com,2018-04-04 03:02:57,male,3852$,+7(925)465-15-96
Sondra Shipp,SondraShipp@gmail.com,2011-07-10 03:42:43,female,8943$,+7(913)355-79-84
Sonya Harris,SonyaHarris@gmail.com,2021-05-10 14:59:02,female,3547$,+7(903)493-80-26
Stacie Hammond,StacieHammond@gmail.com,1983-04-29 17:26:41,male,7453$,+7(951)614-35-28
Stanley Haro,StanleyHaro@gmail.com,2018-10-29 11:42:23,female,2087$,+7(997)387-21-52
Stanley Hawk,StanleyHawk@gmail.com,2021-10-23 23:37:13,male,2179$,+7(987)474-74-25
Starla Alcazar,StarlaAlcazar@gmail.com,2019-02-25 04:01:31,female,7262$,+7(970)286-88-44
Stephanie Martin,StephanieMartin@gmail.com,2011-04-19 19:39:36,female,3710$,+7(945)657-33-48
Stephanie Mossien,StephanieMossien@gmail.com,2015-10-01 19:57:59,male,7260$,+7(977)752-59-24
Stephanie Placko,StephaniePlacko@gmail.com,1997-09-15 20:52:10,male,7276$,+7(983)138-42-21
Stephen Beene,StephenBeene@gmail.com,2021-03-03 18:24:56,male,9370$,+7(939)565-92-87
Stephen Jones,StephenJones@gmail.com,2012-11-21 14:18:06,female,8862$,+7(975)141-39-40
Stephen Mcwhorter,StephenMcwhorter@gmail.com,1994-12-23 17:22:33,male,4088$,+7(935)415-21-99
Steven Bowser,StevenBowser@gmail.com,1982-12-15 04:12:48,female,4036$,+7(948)350-25-18
Steven Hagee,StevenHagee@gmail.com,1983-08-07 17:22:42,male,5857$,+7(935)107-89-35
Steven Jason,StevenJason@gmail.com,2011-08-25 13:35:03,male,2595$,+7(999)383-85-33
Steven Mancini,StevenMancini@gmail.com,2014-02-01 16:50:02,female,8920$,+7(998)741-82-64
Steven Wangberg,StevenWangberg@gmail.com,2011-04-19 07:08:47,female,3061$,+7(957)264-29-81
Steven Wyatt,StevenWyatt@gmail.com,2012-09-12 00:10:35,female,5136$,+7(965)526-67-68
Stuart Butler,StuartButler@gmail.com,2020-09-23 01:48:00,female,7736$,+7(959)336-57-49
Sudie Johnston,SudieJohnston@gmail.com,2012-07-20 05:18:45,male,4931$,+7(958)669-99-57
Susan Diehl,SusanDiehl@gmail.com,2018-06-20 17:48:31,female,3301$,+7(926)149-67-37
Susan Swift,SusanSwift@gmail.com,2007-05-06 10:33:14,female,3314$,+7(909)656-99-20
Suzanne Dillion,SuzanneDillion@gmail.com,2002-07-17 06:49:55,female,8559$,+7(964)487-93-16
Sylvia Urbine,SylviaUrbine@gmail.com,2017-02-23 02:56:52,male,3637$,+7(914)590-51-62
Taisha Zaccaria,TaishaZaccaria@gmail.com,2010-04-13 20:32:28,male,5410$,+7(940)793-71-79
Tammy Cuellar,TammyCuellar@gmail.com,2014-03-07 07:09:04,male,2249$,+7(980)140-35-65
Tammy Johnson,TammyJohnson@gmail.com,2019-11-08 23:58:55,female,7365$,+7(942)549-87-53
Tammy Sale,TammySale@gmail.com,1996-03-07 03:44:52,male,4954$,+7(947)489-84-58
Tasha Hoopes,TashaHoopes@gmail.com,2021-09-11 17:35:30,male,9939$,+7(967)331-96-75
Teresa Erdmann,TeresaErdmann@gmail.com,2015-09-15 19:04:09,female,2499$,+7(962)145-15-55
Terry Morales,TerryMorales@gmail.com,2014-02-08 15:32:16,male,8751$,+7(999)345-95-15
Terry Ziler,TerryZiler@gmail.com,2016-09-22 23:24:36,female,3971$,+7(975)725-33-86
Tessie Gonzalez,TessieGonzalez@gmail.com,2012-08-04 17:00:29,female,5991$,+7(952)774-21-88
Thaddeus Eaton,ThaddeusEaton@gmail.com,1987-08-09 09:43:55,female,3664$,+7(982)579-50-93
Thelma Bragg,ThelmaBragg@gmail.com,1999-12-31 12:15:31,female,9058$,+7(995)507-45-80
Theodore Williams,TheodoreWilliams@gmail.com,2010-05-08 16:49:40,male,8003$,+7(925)496-67-93
Theresa Anderson,TheresaAnderson@gmail.com,2019-02-03 00:58:43,female,4223$,+7(904)469-46-85
Theresa Bird,TheresaBird@gmail.com,2021-04-10 12:43:11,male,3742$,+7(992)390-19-24
Theresa Daniel,TheresaDaniel@gmail.com,2014-01-29 08:04:44,male,5674$,+7(945)782-24-28
Thomas Austin,ThomasAustin@gmail.com,2015-01-14 05:56:23,male,3564$,+7(959)414-87-55
Thomas Bourassa,ThomasBourassa@gmail.com,2017-08-14 14:46:16,female,9206$,+7(932)793-39-52
Thomas Dreesman,ThomasDreesman@gmail.com,2012-11-17 09:30:18,male,7435$,+7(913)311-54-51
Thomas Marino,ThomasMarino@gmail.com,2016-12-01 21:00:38,female,5762$,+7(940)129-17-59
Thomas Meltzer,ThomasMeltzer@gmail.com,2021-01-06 09:55:24,male,8015$,+7(951)532-97-52
Thomas Rivera,ThomasRivera@gmail.com,2013-01-22 11:28:22,male,5064$,+7(943)709-74-64
Thomas Torres,ThomasTorres@gmail.com,1983-04-09 22:12:46,male,6394$,+7(947)599-86-86
Tiana Lam,TianaLam@gmail.com,2016-12-02 05:50:32,male,2882$,+7(975)218-72-77
Tim Henry,TimHenry@gmail.com,2007-10-18 09:25:54,male,6027$,+7(965)291-23-85
Tim Wallace,TimWallace@gmail.com,2013-06-24 12:55:30,male,7110$,+7(913)364-10-60
Timothy Fuentes,TimothyFuentes@gmail.com,2021-12-09 01:25:13,male,9070$,+7(952)714-90-46
Timothy Miller,TimothyMiller@gmail.com,1986-03-06 19:19:53,male,9512$,+7(919)523-74-28
Timothy Truitt,TimothyTruitt@gmail.com,2019-09-12 05:14:47,male,7134$,+7(984)592-92-90
Timothy Walden,TimothyWalden@gmail.com,2021-04-14 22:20:53,female,4713$,+7(902)469-56-68
Timothy Wilson,TimothyWilson@gmail.com,2014-09-29 07:42:55,female,6658$,+7(904)520-65-61
Tina Hill,TinaHill@gmail.com,2017-07-08 21:02:17,male,2739$,+7(962)752-49-17
Tina Pickhardt,TinaPickhardt@gmail.com,2015-11-10 00:30:54,male,9123$,+7(954)797-72-41
Todd Gutierrez,ToddGutierrez@gmail.com,2013-03-03 23:33:24,male,8882$,+7(972)316-38-28
Todd Ward,ToddWard@gmail.com,2017-05-20 11:55:19,female,5391$,+7(927)518-52-94
Tom Dirienzo,TomDirienzo@gmail.com,2015-12-24 09:39:04,female,6433$,+7(944)349-32-75
Tom Shockley,TomShockley@gmail.com,2005-03-21 19:46:27,female,8168$,+7(952)392-25-71
Tommy Wilkey,TommyWilkey@gmail.com,1995-03-23 23:49:47,female,3499$,+7(978)135-99-10
Tony Geraldo,TonyGeraldo@gmail.com,2011-09-22 04:39:29,female,4146$,+7(918)613-79-68
Tonya Armstrong,TonyaArmstrong@gmail.com,2011-02-13 17:11:59,male,7747$,+7(917)151-60-28
Traci Warner,TraciWarner@gmail.com,1992-05-21 11:06:42,female,8065$,+7(952)417-75-43
Tracy Garcia,TracyGarcia@gmail.com,2020-08-22 00:52:06,female,2001$,+7(967)586-63-83
Tracy Hernandez,TracyHernandez@gmail.com,2013-04-09 10:31:45,male,9760$,+7(960)212-82-18
Travis Brunner,TravisBrunner@gmail.com,2006-08-01 14:11:18,male,5888$,+7(907)384-18-59
Troy Brown,TroyBrown@gmail.com,2018-05-26 23:12:29,female,3241$,+7(938)226-53-46
Troy Kinder,TroyKinder@gmail.com,2011-04-18 12:00:23,male,5474$,+7(942)194-26-80
Troy Mcconnell,TroyMcconnell@gmail.com,1996-12-04 22:17:23,female,7245$,+7(989)186-73-44
Vance Oros,VanceOros@gmail.com,2013-04-24 18:39:14,male,9229$,+7(909)272-93-23
Vera Waithe,VeraWaithe@gmail.com,2001-06-02 07:19:24,female,8099$,+7(916)512-58-94
Vernon Esperanza,VernonEsperanza@gmail.com,1986-01-13 09:12:08,female,9981$,+7(911)152-40-62
Vernon Furth,VernonFurth@gmail.com,2013-08-13 10:00:55,female,9105$,+7(954)726-97-12
Veronica Hamilton,VeronicaHamilton@gmail.com,2020-01-17 18:42:53,male,3171$,+7(943)139-24-21
Victor Anthony,VictorAnthony@gmail.com,2021-04-12 14:28:23,male,3980$,+7(906)431-78-51
Victoria Alpaugh,VictoriaAlpaugh@gmail.com,2019-03-31 19:44:03,male,4814$,+7(983)784-42-15
Vincent Mitchell,VincentMitchell@gmail.com,2012-07-04 14:49:12,female,3111$,+7(952)342-28-31
Viola Greene,ViolaGreene@gmail.com,2018-02-14 15:06:17,male,9756$,+7(978)628-66-40
Violet Armwood,VioletArmwood@gmail.com,2019-01-11 23:58:00,female,3386$,+7(907)241-79-81
Virginia King,VirginiaKing@gmail.com,1992-02-06 18:10:36,male,8130$,+7(947)200-53-55
Virginia Kinlaw,VirginiaKinlaw@gmail.com,2014-08-16 07:53:43,male,4293$,+7(954)597-87-64
Walter Swanson,WalterSwanson@gmail.com,2014-12-11 08:51:21,male,7068$,+7(993)159-12-75
Walter Watson,WalterWatson@gmail.com,1991-03-19 06:45:19,female,2734$,+7(905)781-42-80
Wanda Diver,WandaDiver@gmail.com,2011-04-04 20:02:56,male,3182$,+7(950)571-79-67
Wayne Merwin,WayneMerwin@gmail.com,2005-07-09 20:53:39,male,5302$,+7(976)477-40-98
Wendell Gottfried,WendellGottfried@gmail.com,2019-05-30 21:08:42,male,6572$,+7(915)744-10-95
Wilda Weir,WildaWeir@gmail.com,2017-04-25 13:12:28,female,8389$,+7(967)567-70-72
William Austin,WilliamAustin@gmail.com,2014-07-22 00:26:21,male,6277$,+7(900)445-99-41
William Brickhouse,WilliamBrickhouse@gmail.com,1999-01-05 03:19:32,female,7292$,+7(997)727-69-66
William Desousa,WilliamDesousa@gmail.com,2007-08-20 19:51:54,female,8858$,+7(999)645-15-15
William Gill,WilliamGill@gmail.com,2014-03-20 00:59:01,male,5998$,+7(978)203-77-64
William Gustason,WilliamGustason@gmail.com,2018-07-18 19:44:43,female,7941$,+7(916)665-40-79
William Hunt,WilliamHunt@gmail.com,2018-07-15 02:30:35,female,5760$,+7(984)388-45-39
William Layton,WilliamLayton@gmail.com,2011-07-22 11:00:53,male,7924$,+7(917)442-94-21
William Mcatee,WilliamMcatee@gmail.com,2016-10-23 14:40:18,male,8236$,+7(919)744-94-11
William Medina,WilliamMedina@gmail.com,2009-06-08 04:13:19,male,5144$,+7(916)300-69-83
William Pettiford,WilliamPettiford@gmail.com,2013-12-04 13:05:56,female,8207$,+7(928)757-72-22
William Rave,WilliamRave@gmail.com,2019-04-18 22:18:45,male,2498$,+7(979)469-57-70
William Smith,WilliamSmith@gmail.com,2007-11-16 11:54:09,male,3540$,+7(908)235-23-87
William Smith,WilliamSmith@gmail.com,2019-08-19 20:32:15,male,3589$,+7(992)522-70-22
William Stamper,WilliamStamper@gmail.com,2021-09-23 22:19:50,male,4127$,+7(931)622-45-86
Willie Desilva,WillieDesilva@gmail.com,2020-02-18 21:08:07,female,5748$,+7(903)226-26-57
Willis King,WillisKing@gmail.com,2012-05-03 17:50:43,male,7000$,+7(906)449-36-63
Wilma Draper,WilmaDraper@gmail.com,2008-09-30 12:20:33,female,8976$,+7(974)759-95-93
Wilson Snyder,WilsonSnyder@gmail.com,2002-09-24 15:22:54,female,2726$,+7(966)400-31-22
Yvette Hayden,YvetteHayden@gmail.com,2000-04-27 08:01:10,male,3402$,+7(958)161-65-61
Yvette Wells,YvetteWells@gmail.com,2013-04-24 16:44:21,female,2247$,+7(924)300-13-11
Zoila Caserta,ZoilaCaserta@gmail.com,2015-03-01 08:17:49,male,8272$,+7(940)156-77-65
