Number,Name,Email,Data
0,John Boone,JohnBoone@gmail.com,1981-07-05 12:48:16
1,Ashley Slover,AshleySlover@gmail.com,1981-07-05 12:48:16
2,Charles Rodriguez,CharlesRodriguez@gmail.com,1981-07-05 12:48:16
3,Cleveland Pavlik,ClevelandPavlik@gmail.com,1981-07-05 12:48:16
4,Betty Kennedy,BettyKennedy@gmail.com,1981-07-05 12:48:16
5,Rosalind Bowling,RosalindBowling@gmail.com,1981-07-05 12:48:16
6,Guadalupe Avery,GuadalupeAvery@gmail.com,1981-07-05 12:48:16
7,Rosalinda Player,RosalindaPlayer@gmail.com,1981-07-05 12:48:16
8,Helen Hawkins,HelenHawkins@gmail.com,1981-07-05 12:48:16
9,Daniel Taylor,DanielTaylor@gmail.com,1981-07-05 12:48:16
10,Steven Hagee,StevenHagee@gmail.com,1981-07-05 12:48:16
11,Frank Wilbert,FrankWilbert@gmail.com,1981-07-05 12:48:16
12,Cynthia Vaughan,CynthiaVaughan@gmail.com,1981-07-05 12:48:16
13,Stacie Hammond,StacieHammond@gmail.com,1981-07-05 12:48:16
14,Joseph Hernandez,JosephHernandez@gmail.com,1981-07-05 12:48:16
15,Alan Judge,AlanJudge@gmail.com,1981-07-05 12:48:16
16,James Miller,JamesMiller@gmail.com,1981-07-05 12:48:16
17,David Krause,DavidKrause@gmail.com,1981-07-05 12:48:16
18,Harriet Stenberg,HarrietStenberg@gmail.com,1981-07-05 12:48:16
19,Daryl Hunter,DarylHunter@gmail.com,1981-07-05 12:48:16
20,Mary Meyers,MaryMeyers@gmail.com,1981-07-05 12:48:16
21,Buddy Parkins,BuddyParkins@gmail.com,1981-07-05 12:48:16
22,Kimberly Conway,KimberlyConway@gmail.com,1981-07-05 12:48:16
23,Kimberly Pies,KimberlyPies@gmail.com,1981-07-05 12:48:16
24,Robert Beach,RobertBeach@gmail.com,1981-07-05 12:48:16
25,Edith Garner,EdithGarner@gmail.com,1981-07-05 12:48:16
26,Albert Hayes,AlbertHayes@gmail.com,1981-07-05 12:48:16
27,Portia Tresvant,PortiaTresvant@gmail.com,1981-07-05 12:48:16
28,Robert Akers,RobertAkers@gmail.com,1981-07-05 12:48:16
29,Thaddeus Eaton,ThaddeusEaton@gmail.com,1981-07-05 12:48:16
30,Mary Clark,MaryClark@gmail.com,1981-07-05 12:48:16
31,Timothy Miller,TimothyMiller@gmail.com,1981-07-05 12:48:16
32,Joanne Gural,JoanneGural@gmail.com,1981-07-05 12:48:16
33,Thomas Torres,ThomasTorres@gmail.com,1981-07-05 12:48:16
34,Patricia Mora,PatriciaMora@gmail.com,1981-07-05 12:48:16
35,Sheryl Morgan,SherylMorgan@gmail.com,1981-07-05 12:48:16
36,Shane Osmer,ShaneOsmer@gmail.com,1981-07-05 12:48:16
37,David Fairchild,DavidFairchild@gmail.com,1981-07-05 12:48:16
38,Matthew Gleason,MatthewGleason@gmail.com,1981-07-05 12:48:16
39,Michael Yeatts,MichaelYeatts@gmail.com,1981-07-05 12:48:16
40,Mary Peterson,MaryPeterson@gmail.com,1981-07-05 12:48:16
41,Kathleen Lopez,KathleenLopez@gmail.com,1981-07-05 12:48:16
42,Vernon Esperanza,VernonEsperanza@gmail.com,1981-07-05 12:48:16
43,Mark Royal,MarkRoyal@gmail.com,1981-07-05 12:48:16
44,Shane Fletcher,ShaneFletcher@gmail.com,1981-07-05 12:48:16
45,Lonnie Koehn,LonnieKoehn@gmail.com,1981-07-05 12:48:16
46,Christine Zuniga,ChristineZuniga@gmail.com,1981-07-05 12:48:16
47,Nakia Jones,NakiaJones@gmail.com,1981-07-05 12:48:16
48,Michael Brown,MichaelBrown@gmail.com,1981-07-05 12:48:16
49,Steven Bowser,StevenBowser@gmail.com,1981-07-05 12:48:16
50,Leona Collins,LeonaCollins@gmail.com,1981-07-05 12:48:16
51,Miguel Jefferson,MiguelJefferson@gmail.com,1996-12-20 01:54:31
52,Mary Thrasher,MaryThrasher@gmail.com,1996-12-20 01:54:31
53,Evelyn Lea,EvelynLea@gmail.com,1996-12-20 01:54:31
54,Josh Lee,JoshLee@gmail.com,1996-12-20 01:54:31
55,Lori Sawinski,LoriSawinski@gmail.com,1996-12-20 01:54:31
56,Kathy Kher,KathyKher@gmail.com,1996-12-20 01:54:31
57,Marcella Delargy,MarcellaDelargy@gmail.com,1996-12-20 01:54:31
58,Thelma Bragg,ThelmaBragg@gmail.com,1996-12-20 01:54:31
59,Jacob Arias,JacobArias@gmail.com,1996-12-20 01:54:31
60,Allison Dubois,AllisonDubois@gmail.com,1996-12-20 01:54:31
61,Tammy Sale,TammySale@gmail.com,1996-12-20 01:54:31
62,Linda Goncalves,LindaGoncalves@gmail.com,1996-12-20 01:54:31
63,Bessie Desoto,BessieDesoto@gmail.com,1996-12-20 01:54:31
64,John Sanchez,JohnSanchez@gmail.com,1996-12-20 01:54:31
65,Elisa Esmond,ElisaEsmond@gmail.com,1996-12-20 01:54:31
66,Mary Sommer,MarySommer@gmail.com,1996-12-20 01:54:31
67,Kenneth Boyd,KennethBoyd@gmail.com,1996-12-20 01:54:31
68,Arturo Willingham,ArturoWillingham@gmail.com,1996-12-20 01:54:31
69,Laura Yazzie,LauraYazzie@gmail.com,1996-12-20 01:54:31
70,Lorraine Turcotte,LorraineTurcotte@gmail.com,1996-12-20 01:54:31
71,James Garza,JamesGarza@gmail.com,1996-12-20 01:54:31
72,Sandra Nittler,SandraNittler@gmail.com,1996-12-20 01:54:31
73,Heather Gerace,HeatherGerace@gmail.com,1996-12-20 01:54:31
74,Scott Ranney,ScottRanney@gmail.com,1996-12-20 01:54:31
75,Donna Coello,DonnaCoello@gmail.com,1996-12-20 01:54:31
76,Melissa Stclair,MelissaStclair@gmail.com,1996-12-20 01:54:31
77,Gloria Cooke,GloriaCooke@gmail.com,1996-12-20 01:54:31
78,Cyrus Andujar,CyrusAndujar@gmail.com,1996-12-20 01:54:31
79,Stephanie Placko,StephaniePlacko@gmail.com,1996-12-20 01:54:31
80,Janis Johnson,JanisJohnson@gmail.com,1996-12-20 01:54:31
81,Daren Miller,DarenMiller@gmail.com,1996-12-20 01:54:31
82,Anita Chavis,AnitaChavis@gmail.com,1996-12-20 01:54:31
83,William Brickhouse,WilliamBrickhouse@gmail.com,1996-12-20 01:54:31
84,Arthur Simar,ArthurSimar@gmail.com,1996-12-20 01:54:31
85,John Colbert,JohnColbert@gmail.com,1996-12-20 01:54:31
86,Cathrine Rodrigues,CathrineRodrigues@gmail.com,1996-12-20 01:54:31
87,Jodi Stephany,JodiStephany@gmail.com,1996-12-20 01:54:31
88,Julie Vanhook,JulieVanhook@gmail.com,1996-12-20 01:54:31
89,Martin Rowe,MartinRowe@gmail.com,1996-12-20 01:54:31
90,Pansy Winn,PansyWinn@gmail.com,1996-12-20 01:54:31
91,Roberta Tippin,RobertaTippin@gmail.com,1996-12-20 01:54:31
92,John Morrill,JohnMorrill@gmail.com,1996-12-20 01:54:31
93,Jeffrey Mckesson,JeffreyMckesson@gmail.com,1996-12-20 01:54:31
94,Darren Ridgeway,DarrenRidgeway@gmail.com,1996-12-20 01:54:31
95,Joseph Anderson,JosephAnderson@gmail.com,1996-12-20 01:54:31
96,Lindsay Mimbs,LindsayMimbs@gmail.com,1996-12-20 01:54:31
97,Carl Lamke,CarlLamke@gmail.com,1996-12-20 01:54:31
98,Emma Osborne,EmmaOsborne@gmail.com,1996-12-20 01:54:31
99,John Bihm,JohnBihm@gmail.com,1996-12-20 01:54:31
100,Henry Washington,HenryWashington@gmail.com,1996-12-20 01:54:31
101,Ella Patton,EllaPatton@gmail.com,1996-12-20 01:54:31
102,Manuel Nall,ManuelNall@gmail.com,1996-12-20 01:54:31
103,Nickolas Born,NickolasBorn@gmail.com,1996-12-20 01:54:31
104,Brent Stassi,BrentStassi@gmail.com,1996-12-20 01:54:31
105,Troy Mcconnell,TroyMcconnell@gmail.com,1996-12-20 01:54:31
106,Robert Mckenzie,RobertMckenzie@gmail.com,1996-12-20 01:54:31
107,James Hendrix,JamesHendrix@gmail.com,1996-12-20 01:54:31
108,Michael Tutt,MichaelTutt@gmail.com,1996-12-20 01:54:31
109,Juanita Craig,JuanitaCraig@gmail.com,1996-12-20 01:54:31
110,Mary Behrens,MaryBehrens@gmail.com,1996-12-20 01:54:31
111,Joseph Morgan,JosephMorgan@gmail.com,1996-12-20 01:54:31
112,Jeff Futch,JeffFutch@gmail.com,1996-12-20 01:54:31
113,Melissa Carpenter,MelissaCarpenter@gmail.com,1996-12-20 01:54:31
114,Rose Johnston,RoseJohnston@gmail.com,1996-12-20 01:54:31
115,Denise Wilcox,DeniseWilcox@gmail.com,1996-12-20 01:54:31
116,Aaron Gaier,AaronGaier@gmail.com,1996-12-20 01:54:31
117,Andrea Mercer,AndreaMercer@gmail.com,1996-12-20 01:54:31
118,Roberto Baker,RobertoBaker@gmail.com,1996-12-20 01:54:31
119,Marcy Duran,MarcyDuran@gmail.com,1996-12-20 01:54:31
120,Michael Smith,MichaelSmith@gmail.com,1996-12-20 01:54:31
121,Sam Gill,SamGill@gmail.com,1996-12-20 01:54:31
122,Amy Shannon,AmyShannon@gmail.com,1996-12-20 01:54:31
123,Javier Braxton,JavierBraxton@gmail.com,1996-12-20 01:54:31
124,James Spivey,JamesSpivey@gmail.com,1996-12-20 01:54:31
125,Kathleen Hunt,KathleenHunt@gmail.com,1996-12-20 01:54:31
126,Tommy Wilkey,TommyWilkey@gmail.com,1996-12-20 01:54:31
127,Leo Martinez,LeoMartinez@gmail.com,1996-12-20 01:54:31
128,Gregory Wilson,GregoryWilson@gmail.com,1996-12-20 01:54:31
129,Robert Bonds,RobertBonds@gmail.com,1996-12-20 01:54:31
130,Michael Hernandez,MichaelHernandez@gmail.com,1996-12-20 01:54:31
131,Shauna Feuer,ShaunaFeuer@gmail.com,1996-12-20 01:54:31
132,Ima Guerra,ImaGuerra@gmail.com,1996-12-20 01:54:31
133,Yvette Hayden,YvetteHayden@gmail.com,1996-12-20 01:54:31
134,Edgar Silva,EdgarSilva@gmail.com,1996-12-20 01:54:31
135,Estella Lozano,EstellaLozano@gmail.com,1996-12-20 01:54:31
136,Anthony Matthewson,AnthonyMatthewson@gmail.com,1996-12-20 01:54:31
137,Florence Chapman,FlorenceChapman@gmail.com,1996-12-20 01:54:31
138,Margarita Sanders,MargaritaSanders@gmail.com,1996-12-20 01:54:31
139,Paul Lewis,PaulLewis@gmail.com,1996-12-20 01:54:31
140,Kristopher Stephenson,KristopherStephenson@gmail.com,1996-12-20 01:54:31
141,Roy Derosa,RoyDerosa@gmail.com,1996-12-20 01:54:31
142,Michael Deno,MichaelDeno@gmail.com,1996-12-20 01:54:31
143,Stephen Mcwhorter,StephenMcwhorter@gmail.com,1996-12-20 01:54:31
144,Traci Warner,TraciWarner@gmail.com,1996-12-20 01:54:31
145,Paul Benigno,PaulBenigno@gmail.com,1996-12-20 01:54:31
146,Mark Robbins,MarkRobbins@gmail.com,1996-12-20 01:54:31
147,Jorge Rankin,JorgeRankin@gmail.com,1996-12-20 01:54:31
148,Walter Watson,WalterWatson@gmail.com,1996-12-20 01:54:31
149,Madeline Brady,MadelineBrady@gmail.com,1996-12-20 01:54:31
150,Virginia King,VirginiaKing@gmail.com,1996-12-20 01:54:31
151,Louise Everett,LouiseEverett@gmail.com,2008-06-09 23:12:15
152,Brian Allen,BrianAllen@gmail.com,2008-06-09 23:12:15
153,Samuel Ferkovich,SamuelFerkovich@gmail.com,2008-06-09 23:12:15
154,Suzanne Dillion,SuzanneDillion@gmail.com,2008-06-09 23:12:15
155,Helen Jones,HelenJones@gmail.com,2008-06-09 23:12:15
156,Alvin Rodriguez,AlvinRodriguez@gmail.com,2008-06-09 23:12:15
157,Monica Tisdale,MonicaTisdale@gmail.com,2008-06-09 23:12:15
158,Travis Brunner,TravisBrunner@gmail.com,2008-06-09 23:12:15
159,Shannon Lawrence,ShannonLawrence@gmail.com,2008-06-09 23:12:15
160,Joshua Smith,JoshuaSmith@gmail.com,2008-06-09 23:12:15
161,Garry Lance,GarryLance@gmail.com,2008-06-09 23:12:15
162,Bruce Jennings,BruceJennings@gmail.com,2008-06-09 23:12:15
163,Lucinda Mcfadden,LucindaMcfadden@gmail.com,2008-06-09 23:12:15
164,David Pitt,DavidPitt@gmail.com,2008-06-09 23:12:15
165,Ramon Duncan,RamonDuncan@gmail.com,2008-06-09 23:12:15
166,Gloria Randle,GloriaRandle@gmail.com,2008-06-09 23:12:15
167,Priscilla Carranza,PriscillaCarranza@gmail.com,2008-06-09 23:12:15
168,Anita Moses,AnitaMoses@gmail.com,2008-06-09 23:12:15
169,Arthur Simpson,ArthurSimpson@gmail.com,2008-06-09 23:12:15
170,Susan Swift,SusanSwift@gmail.com,2008-06-09 23:12:15
171,Jacob Kitchen,JacobKitchen@gmail.com,2008-06-09 23:12:15
172,Eric Vega,EricVega@gmail.com,2008-06-09 23:12:15
173,Nell Bynum,NellBynum@gmail.com,2008-06-09 23:12:15
174,Charles Ciotti,CharlesCiotti@gmail.com,2008-06-09 23:12:15
175,Lisa Flagg,LisaFlagg@gmail.com,2008-06-09 23:12:15
176,Carl Montoya,CarlMontoya@gmail.com,2008-06-09 23:12:15
177,Mary Palmer,MaryPalmer@gmail.com,2008-06-09 23:12:15
178,Maria Patterson,MariaPatterson@gmail.com,2008-06-09 23:12:15
179,Dawn Smith,DawnSmith@gmail.com,2008-06-09 23:12:15
180,Brooke Recher,BrookeRecher@gmail.com,2008-06-09 23:12:15
181,Juana Harding,JuanaHarding@gmail.com,2008-06-09 23:12:15
182,Claudio Marcucci,ClaudioMarcucci@gmail.com,2008-06-09 23:12:15
183,Shakita Johnson,ShakitaJohnson@gmail.com,2008-06-09 23:12:15
184,Robert Heath,RobertHeath@gmail.com,2008-06-09 23:12:15
185,Arturo Olson,ArturoOlson@gmail.com,2008-06-09 23:12:15
186,Marie Bannister,MarieBannister@gmail.com,2008-06-09 23:12:15
187,Sara Hill,SaraHill@gmail.com,2008-06-09 23:12:15
188,Mary Goad,MaryGoad@gmail.com,2008-06-09 23:12:15
189,Debra Winn,DebraWinn@gmail.com,2008-06-09 23:12:15
190,Richard Harrell,RichardHarrell@gmail.com,2008-06-09 23:12:15
191,Sharon Snyder,SharonSnyder@gmail.com,2008-06-09 23:12:15
192,Hazel Santana,HazelSantana@gmail.com,2008-06-09 23:12:15
193,Gladys Casey,GladysCasey@gmail.com,2008-06-09 23:12:15
194,Mary Toenges,MaryToenges@gmail.com,2008-06-09 23:12:15
195,Kim Bourgeois,KimBourgeois@gmail.com,2008-06-09 23:12:15
196,Abigail Plack,AbigailPlack@gmail.com,2008-06-09 23:12:15
197,Michael Berg,MichaelBerg@gmail.com,2008-06-09 23:12:15
198,Alva Lanzetta,AlvaLanzetta@gmail.com,2008-06-09 23:12:15
199,Albert Sedotal,AlbertSedotal@gmail.com,2008-06-09 23:12:15
200,Kathleen Zuckerman,KathleenZuckerman@gmail.com,2008-06-09 23:12:15
201,Taisha Zaccaria,TaishaZaccaria@gmail.com,2008-06-09 23:12:15
202,Nicole Nakata,NicoleNakata@gmail.com,2008-06-09 23:12:15
203,Clarence Henry,ClarenceHenry@gmail.com,2008-06-09 23:12:15
204,Emory Saugis,EmorySaugis@gmail.com,2008-06-09 23:12:15
205,Miriam Powell,MiriamPowell@gmail.com,2008-06-09 23:12:15
206,William Smith,WilliamSmith@gmail.com,2008-06-09 23:12:15
207,Robert Goin,RobertGoin@gmail.com,2008-06-09 23:12:15
208,William Medina,WilliamMedina@gmail.com,2008-06-09 23:12:15
209,William Desousa,WilliamDesousa@gmail.com,2008-06-09 23:12:15
210,Barbara Tate,BarbaraTate@gmail.com,2008-06-09 23:12:15
211,Patricia Williams,PatriciaWilliams@gmail.com,2008-06-09 23:12:15
212,Cindy Myles,CindyMyles@gmail.com,2008-06-09 23:12:15
213,Bret Muller,BretMuller@gmail.com,2008-06-09 23:12:15
214,Ralph Garcia,RalphGarcia@gmail.com,2008-06-09 23:12:15
215,Wilson Snyder,WilsonSnyder@gmail.com,2008-06-09 23:12:15
216,Wayne Merwin,WayneMerwin@gmail.com,2008-06-09 23:12:15
217,Jennifer Carignan,JenniferCarignan@gmail.com,2008-06-09 23:12:15
218,Clifford Sanders,CliffordSanders@gmail.com,2008-06-09 23:12:15
219,Amanda Mendez,AmandaMendez@gmail.com,2008-06-09 23:12:15
220,Tim Henry,TimHenry@gmail.com,2008-06-09 23:12:15
221,Rebecca Fry,RebeccaFry@gmail.com,2008-06-09 23:12:15
222,Lena Hammon,LenaHammon@gmail.com,2008-06-09 23:12:15
223,Danny Galindez,DannyGalindez@gmail.com,2008-06-09 23:12:15
224,Katrina Gaither,KatrinaGaither@gmail.com,2008-06-09 23:12:15
225,Barbara Leblanc,BarbaraLeblanc@gmail.com,2008-06-09 23:12:15
226,Wilma Draper,WilmaDraper@gmail.com,2008-06-09 23:12:15
227,Julio Mitchell,JulioMitchell@gmail.com,2008-06-09 23:12:15
228,Jeanne Angle,JeanneAngle@gmail.com,2008-06-09 23:12:15
229,Angela Abbott,AngelaAbbott@gmail.com,2008-06-09 23:12:15
230,Genevieve Church,GenevieveChurch@gmail.com,2008-06-09 23:12:15
231,Michael Greene,MichaelGreene@gmail.com,2008-06-09 23:12:15
232,Michelle Huls,MichelleHuls@gmail.com,2008-06-09 23:12:15
233,John Clark,JohnClark@gmail.com,2008-06-09 23:12:15
234,Casey Randel,CaseyRandel@gmail.com,2008-06-09 23:12:15
235,Amie Weaver,AmieWeaver@gmail.com,2008-06-09 23:12:15
236,Nancy Yokum,NancyYokum@gmail.com,2008-06-09 23:12:15
237,Lorenzo Jack,LorenzoJack@gmail.com,2008-06-09 23:12:15
238,Kimberly Rodriquez,KimberlyRodriquez@gmail.com,2008-06-09 23:12:15
239,Richard Massey,RichardMassey@gmail.com,2008-06-09 23:12:15
240,Fatima Clements,FatimaClements@gmail.com,2008-06-09 23:12:15
241,Shanna Foster,ShannaFoster@gmail.com,2008-06-09 23:12:15
242,Joan Bowling,JoanBowling@gmail.com,2008-06-09 23:12:15
243,Jack Lieb,JackLieb@gmail.com,2008-06-09 23:12:15
244,Frances Moten,FrancesMoten@gmail.com,2008-06-09 23:12:15
245,Dale Deyoe,DaleDeyoe@gmail.com,2008-06-09 23:12:15
246,Linda Harder,LindaHarder@gmail.com,2008-06-09 23:12:15
247,Loretta Chancey,LorettaChancey@gmail.com,2008-06-09 23:12:15
248,Corey Kahn,CoreyKahn@gmail.com,2008-06-09 23:12:15
249,Michael Black,MichaelBlack@gmail.com,2008-06-09 23:12:15
250,Chester Abraham,ChesterAbraham@gmail.com,2008-06-09 23:12:15
251,Frank Ruffin,FrankRuffin@gmail.com,2008-06-09 23:12:15
252,Madeline Balistrieri,MadelineBalistrieri@gmail.com,2008-06-09 23:12:15
253,Michelle Jensen,MichelleJensen@gmail.com,2008-06-09 23:12:15
254,Jeffrey Carlson,JeffreyCarlson@gmail.com,2008-06-09 23:12:15
255,Charles Curl,CharlesCurl@gmail.com,2008-06-09 23:12:15
256,Juanita Bray,JuanitaBray@gmail.com,2008-06-09 23:12:15
257,Gordon Gallaway,GordonGallaway@gmail.com,2008-06-09 23:12:15
258,John Porter,JohnPorter@gmail.com,2008-06-09 23:12:15
259,Louis Jackson,LouisJackson@gmail.com,2008-06-09 23:12:15
260,Doris Kriss,DorisKriss@gmail.com,2008-06-09 23:12:15
261,Vera Waithe,VeraWaithe@gmail.com,2008-06-09 23:12:15
262,Michael Bolton,MichaelBolton@gmail.com,2008-06-09 23:12:15
263,Norman Chung,NormanChung@gmail.com,2008-06-09 23:12:15
264,Marilyn Lee,MarilynLee@gmail.com,2008-06-09 23:12:15
265,Elizabeth Bean,ElizabethBean@gmail.com,2008-06-09 23:12:15
266,David Avila,DavidAvila@gmail.com,2008-06-09 23:12:15
267,David Carrillo,DavidCarrillo@gmail.com,2008-06-09 23:12:15
268,Phillip Rigdon,PhillipRigdon@gmail.com,2008-06-09 23:12:15
269,Leo Jensen,LeoJensen@gmail.com,2008-06-09 23:12:15
270,Richard Martinez,RichardMartinez@gmail.com,2008-06-09 23:12:15
271,Charles Wang,CharlesWang@gmail.com,2008-06-09 23:12:15
272,Juliet Morton,JulietMorton@gmail.com,2008-06-09 23:12:15
273,Ann Schmal,AnnSchmal@gmail.com,2008-06-09 23:12:15
274,Michelle Brown,MichelleBrown@gmail.com,2008-06-09 23:12:15
275,Reba Kapur,RebaKapur@gmail.com,2008-06-09 23:12:15
276,Tom Shockley,TomShockley@gmail.com,2008-06-09 23:12:15
277,Rachel Crespo,RachelCrespo@gmail.com,2008-06-09 23:12:15
278,Ralph Stansbury,RalphStansbury@gmail.com,2008-06-09 23:12:15
279,Michael Heidt,MichaelHeidt@gmail.com,2008-06-09 23:12:15
280,Melynda Tucker,MelyndaTucker@gmail.com,2008-06-09 23:12:15
281,Laura Cutler,LauraCutler@gmail.com,2008-06-09 23:12:15
282,Becky Parker,BeckyParker@gmail.com,2008-06-09 23:12:15
283,Irene Steptoe,IreneSteptoe@gmail.com,2008-06-09 23:12:15
284,Barbara Bingaman,BarbaraBingaman@gmail.com,2008-06-09 23:12:15
285,Ana Wilde,AnaWilde@gmail.com,2008-06-09 23:12:15
286,Brandon Wackerly,BrandonWackerly@gmail.com,2008-06-09 23:12:15
287,Roy Harding,RoyHarding@gmail.com,2008-06-09 23:12:15
288,Jenny Hollinger,JennyHollinger@gmail.com,2008-06-09 23:12:15
289,Gary West,GaryWest@gmail.com,2008-06-09 23:12:15
290,Ann Mcneal,AnnMcneal@gmail.com,2008-06-09 23:12:15
291,Amie Wright,AmieWright@gmail.com,2008-06-09 23:12:15
292,Rena Tabor,RenaTabor@gmail.com,2008-06-09 23:12:15
293,James Yoes,JamesYoes@gmail.com,2008-06-09 23:12:15
294,Matthew Shaughnessy,MatthewShaughnessy@gmail.com,2008-06-09 23:12:15
295,Mary Nguyen,MaryNguyen@gmail.com,2008-06-09 23:12:15
296,Brenda Johnson,BrendaJohnson@gmail.com,2008-06-09 23:12:15
297,Roderick Vargas,RoderickVargas@gmail.com,2008-06-09 23:12:15
298,Maria Himes,MariaHimes@gmail.com,2008-06-09 23:12:15
299,Angelo Collins,AngeloCollins@gmail.com,2008-06-09 23:12:15
300,Theodore Williams,TheodoreWilliams@gmail.com,2008-06-09 23:12:15
301,Evelyn Mccann,EvelynMccann@gmail.com,2011-01-31 14:31:40
302,Amanda Nyquist,AmandaNyquist@gmail.com,2011-01-31 14:31:40
303,Scott Gragg,ScottGragg@gmail.com,2011-01-31 14:31:40
304,Nadine Kirk,NadineKirk@gmail.com,2011-01-31 14:31:40
305,Janis Hughes,JanisHughes@gmail.com,2011-01-31 14:31:40
306,Darryl Bachrach,DarrylBachrach@gmail.com,2011-01-31 14:31:40
307,Frank Loiselle,FrankLoiselle@gmail.com,2011-01-31 14:31:40
308,Felix Blanke,FelixBlanke@gmail.com,2011-01-31 14:31:40
309,Gabriel Haynes,GabrielHaynes@gmail.com,2011-01-31 14:31:40
310,Michael Markum,MichaelMarkum@gmail.com,2011-01-31 14:31:40
311,James Darden,JamesDarden@gmail.com,2011-01-31 14:31:40
312,Abbey Hager,AbbeyHager@gmail.com,2011-01-31 14:31:40
313,Benita Fillmore,BenitaFillmore@gmail.com,2011-01-31 14:31:40
314,Kim Pace,KimPace@gmail.com,2011-01-31 14:31:40
315,Alyson Lawrence,AlysonLawrence@gmail.com,2011-01-31 14:31:40
316,Ray Pyle,RayPyle@gmail.com,2011-01-31 14:31:40
317,Inez Mcloughlin,InezMcloughlin@gmail.com,2011-01-31 14:31:40
318,Pedro Coleman,PedroColeman@gmail.com,2011-01-31 14:31:40
319,Todd Ward,ToddWard@gmail.com,2011-01-31 14:31:40
320,Dona Nichols,DonaNichols@gmail.com,2011-01-31 14:31:40
321,Edward Washington,EdwardWashington@gmail.com,2011-01-31 14:31:40
322,Lillian Fawver,LillianFawver@gmail.com,2011-01-31 14:31:40
323,Jay Alexander,JayAlexander@gmail.com,2011-01-31 14:31:40
324,Stephen Beene,StephenBeene@gmail.com,2011-01-31 14:31:40
325,Michael Lavoie,MichaelLavoie@gmail.com,2011-01-31 14:31:40
326,Kenyatta Peacock,KenyattaPeacock@gmail.com,2011-01-31 14:31:40
327,Sharon Gonzales,SharonGonzales@gmail.com,2011-01-31 14:31:40
328,Lester Davis,LesterDavis@gmail.com,2011-01-31 14:31:40
329,Buddy Vue,BuddyVue@gmail.com,2011-01-31 14:31:40
330,Geraldine Jaffe,GeraldineJaffe@gmail.com,2011-01-31 14:31:40
331,Timothy Fuentes,TimothyFuentes@gmail.com,2011-01-31 14:31:40
332,John Corbett,JohnCorbett@gmail.com,2011-01-31 14:31:40
333,Holly Cervantes,HollyCervantes@gmail.com,2011-01-31 14:31:40
334,Timothy Walden,TimothyWalden@gmail.com,2011-01-31 14:31:40
335,Keith Karlin,KeithKarlin@gmail.com,2011-01-31 14:31:40
336,Samuel Downing,SamuelDowning@gmail.com,2011-01-31 14:31:40
337,Mary Millet,MaryMillet@gmail.com,2011-01-31 14:31:40
338,Lori Kimber,LoriKimber@gmail.com,2011-01-31 14:31:40
339,Mary Stewart,MaryStewart@gmail.com,2011-01-31 14:31:40
340,Herman Mascarenas,HermanMascarenas@gmail.com,2011-01-31 14:31:40
341,Julie Farr,JulieFarr@gmail.com,2011-01-31 14:31:40
342,Jeffrey Wilson,JeffreyWilson@gmail.com,2011-01-31 14:31:40
343,Mary Ernst,MaryErnst@gmail.com,2011-01-31 14:31:40
344,George Anderson,GeorgeAnderson@gmail.com,2011-01-31 14:31:40
345,William Rave,WilliamRave@gmail.com,2011-01-31 14:31:40
346,Gena Luna,GenaLuna@gmail.com,2011-01-31 14:31:40
347,Jacqueline Prewitt,JacquelinePrewitt@gmail.com,2011-01-31 14:31:40
348,Cindy Weiler,CindyWeiler@gmail.com,2011-01-31 14:31:40
349,Carl Wieczorek,CarlWieczorek@gmail.com,2011-01-31 14:31:40
350,Bertha Lyons,BerthaLyons@gmail.com,2011-01-31 14:31:40
351,Martha Owsley,MarthaOwsley@gmail.com,2011-01-31 14:31:40
352,Jerri Rombough,JerriRombough@gmail.com,2011-01-31 14:31:40
353,Clementina Mitchell,ClementinaMitchell@gmail.com,2011-01-31 14:31:40
354,Timothy Wilson,TimothyWilson@gmail.com,2011-01-31 14:31:40
355,Lori Frame,LoriFrame@gmail.com,2011-01-31 14:31:40
356,Carol Baldwin,CarolBaldwin@gmail.com,2011-01-31 14:31:40
357,Jose Nichols,JoseNichols@gmail.com,2011-01-31 14:31:40
358,Ronny Champagne,RonnyChampagne@gmail.com,2011-01-31 14:31:40
359,Anna Johnson,AnnaJohnson@gmail.com,2011-01-31 14:31:40
360,Christina Heyd,ChristinaHeyd@gmail.com,2011-01-31 14:31:40
361,Patrick Hill,PatrickHill@gmail.com,2011-01-31 14:31:40
362,Scott Cifuentes,ScottCifuentes@gmail.com,2011-01-31 14:31:40
363,Aaron Ramirez,AaronRamirez@gmail.com,2011-01-31 14:31:40
364,Frances Munoz,FrancesMunoz@gmail.com,2011-01-31 14:31:40
365,Margaret Needham,MargaretNeedham@gmail.com,2011-01-31 14:31:40
366,Mildred Brown,MildredBrown@gmail.com,2011-01-31 14:31:40
367,Ami King,AmiKing@gmail.com,2011-01-31 14:31:40
368,James Ellis,JamesEllis@gmail.com,2011-01-31 14:31:40
369,Harriett White,HarriettWhite@gmail.com,2011-01-31 14:31:40
370,John Furches,JohnFurches@gmail.com,2011-01-31 14:31:40
371,Bobby Kaufman,BobbyKaufman@gmail.com,2011-01-31 14:31:40
372,Ida Stevens,IdaStevens@gmail.com,2011-01-31 14:31:40
373,Ricky Hand,RickyHand@gmail.com,2011-01-31 14:31:40
374,Elias Crosby,EliasCrosby@gmail.com,2011-01-31 14:31:40
375,Melissa Teston,MelissaTeston@gmail.com,2011-01-31 14:31:40
376,Colleen Lewis,ColleenLewis@gmail.com,2011-01-31 14:31:40
377,Jessica Dieguez,JessicaDieguez@gmail.com,2011-01-31 14:31:40
378,Paula Garren,PaulaGarren@gmail.com,2011-01-31 14:31:40
379,Douglas Williams,DouglasWilliams@gmail.com,2011-01-31 14:31:40
380,Leticia Dowling,LeticiaDowling@gmail.com,2011-01-31 14:31:40
381,James Justice,JamesJustice@gmail.com,2011-01-31 14:31:40
382,Hisako Schroot,HisakoSchroot@gmail.com,2011-01-31 14:31:40
383,Mildred Rodrigues,MildredRodrigues@gmail.com,2011-01-31 14:31:40
384,Sallie Bush,SallieBush@gmail.com,2011-01-31 14:31:40
385,Richard Morring,RichardMorring@gmail.com,2011-01-31 14:31:40
386,Ryann Fisher,RyannFisher@gmail.com,2011-01-31 14:31:40
387,Patricia Curtis,PatriciaCurtis@gmail.com,2011-01-31 14:31:40
388,Gabriel Armstrong,GabrielArmstrong@gmail.com,2011-01-31 14:31:40
389,Ricky Odom,RickyOdom@gmail.com,2011-01-31 14:31:40
390,Lynda Pereira,LyndaPereira@gmail.com,2011-01-31 14:31:40
391,John Hawley,JohnHawley@gmail.com,2011-01-31 14:31:40
392,Olivia Demopoulos,OliviaDemopoulos@gmail.com,2011-01-31 14:31:40
393,Barbara Valenzuela,BarbaraValenzuela@gmail.com,2011-01-31 14:31:40
394,Billy Hill,BillyHill@gmail.com,2011-01-31 14:31:40
395,Michael Huber,MichaelHuber@gmail.com,2011-01-31 14:31:40
396,Marcus Baughman,MarcusBaughman@gmail.com,2011-01-31 14:31:40
397,Cecilia Stewart,CeciliaStewart@gmail.com,2011-01-31 14:31:40
398,Avery Barnes,AveryBarnes@gmail.com,2011-01-31 14:31:40
399,Anna Porter,AnnaPorter@gmail.com,2011-01-31 14:31:40
400,Thomas Marino,ThomasMarino@gmail.com,2011-01-31 14:31:40
401,Melody Potter,MelodyPotter@gmail.com,2011-01-31 14:31:40
402,Matthew Martin,MatthewMartin@gmail.com,2011-01-31 14:31:40
403,Delores Bergesen,DeloresBergesen@gmail.com,2011-01-31 14:31:40
404,Starla Alcazar,StarlaAlcazar@gmail.com,2011-01-31 14:31:40
405,Marvin Scharmer,MarvinScharmer@gmail.com,2011-01-31 14:31:40
406,Richard Sherry,RichardSherry@gmail.com,2011-01-31 14:31:40
407,Cindy Coffey,CindyCoffey@gmail.com,2011-01-31 14:31:40
408,David Kuykendall,DavidKuykendall@gmail.com,2011-01-31 14:31:40
409,Dulce Mcneal,DulceMcneal@gmail.com,2011-01-31 14:31:40
410,Randy Ellis,RandyEllis@gmail.com,2011-01-31 14:31:40
411,Theresa Anderson,TheresaAnderson@gmail.com,2011-01-31 14:31:40
412,Courtney Byers,CourtneyByers@gmail.com,2011-01-31 14:31:40
413,Anthony George,AnthonyGeorge@gmail.com,2011-01-31 14:31:40
414,Jenny Glass,JennyGlass@gmail.com,2011-01-31 14:31:40
415,Damon Ward,DamonWard@gmail.com,2011-01-31 14:31:40
416,Gerald Briggs,GeraldBriggs@gmail.com,2011-01-31 14:31:40
417,Marion Santiago,MarionSantiago@gmail.com,2011-01-31 14:31:40
418,Viola Greene,ViolaGreene@gmail.com,2011-01-31 14:31:40
419,Linda Castaneda,LindaCastaneda@gmail.com,2011-01-31 14:31:40
420,William Austin,WilliamAustin@gmail.com,2011-01-31 14:31:40
421,Shirley Dale,ShirleyDale@gmail.com,2011-01-31 14:31:40
422,Theresa Daniel,TheresaDaniel@gmail.com,2011-01-31 14:31:40
423,Donald Davis,DonaldDavis@gmail.com,2011-01-31 14:31:40
424,Dante Jensen,DanteJensen@gmail.com,2011-01-31 14:31:40
425,Maria Tilley,MariaTilley@gmail.com,2011-01-31 14:31:40
426,Marcia Lee,MarciaLee@gmail.com,2011-01-31 14:31:40
427,Carlos Anderson,CarlosAnderson@gmail.com,2011-01-31 14:31:40
428,Darnell Gandy,DarnellGandy@gmail.com,2011-01-31 14:31:40
429,Jeffery Richardson,JefferyRichardson@gmail.com,2011-01-31 14:31:40
430,Jennifer Graham,JenniferGraham@gmail.com,2011-01-31 14:31:40
431,Joseph Ignacio,JosephIgnacio@gmail.com,2011-01-31 14:31:40
432,Jocelyn Caldwell,JocelynCaldwell@gmail.com,2011-01-31 14:31:40
433,Dawn Williams,DawnWilliams@gmail.com,2011-01-31 14:31:40
434,John Brushwood,JohnBrushwood@gmail.com,2011-01-31 14:31:40
435,Annie Higgins,AnnieHiggins@gmail.com,2011-01-31 14:31:40
436,Andrew Maxwell,AndrewMaxwell@gmail.com,2011-01-31 14:31:40
437,Kent Casson,KentCasson@gmail.com,2011-01-31 14:31:40
438,Robin Ortega,RobinOrtega@gmail.com,2011-01-31 14:31:40
439,David Hanley,DavidHanley@gmail.com,2011-01-31 14:31:40
440,Kelvin Burroughs,KelvinBurroughs@gmail.com,2011-01-31 14:31:40
441,Lisa Gaines,LisaGaines@gmail.com,2011-01-31 14:31:40
442,Kim Perreault,KimPerreault@gmail.com,2011-01-31 14:31:40
443,Rocky Santiago,RockySantiago@gmail.com,2011-01-31 14:31:40
444,Reba Dan,RebaDan@gmail.com,2011-01-31 14:31:40
445,James Farquhar,JamesFarquhar@gmail.com,2011-01-31 14:31:40
446,Megan Junes,MeganJunes@gmail.com,2011-01-31 14:31:40
447,Mary Tilman,MaryTilman@gmail.com,2011-01-31 14:31:40
448,Jerome Blackmon,JeromeBlackmon@gmail.com,2011-01-31 14:31:40
449,Patricia Stillwagon,PatriciaStillwagon@gmail.com,2011-01-31 14:31:40
